"name","rating","category","phone","website","address","maps_url","email"
"Results","0% busy at 6ÔÇ»am.",,"¯é░
097110 49282",,"¯âê
S 26, Shubham Apartment, Shalimar Garden Extension I, Shalimar Garden, Sahibabad, Ghaziabad, Uttar Pradesh 201006","https://www.google.com/maps/place/Mulethi+Restaurant+%7C+Shalimar+Garden/@28.6903469,77.195621,12z/data=!4m11!1m3!2m2!1srestaurants+near+me!6e5!3m6!1s0x390cfb0993e23ba1:0x1ed33e2934ca5c4c!8m2!3d28.6903469!4d77.3398166!15sChNyZXN0YXVyYW50cyBuZWFyIG1lIgOQAQFaFSITcmVzdGF1cmFudHMgbmVhciBtZZIBF25vcnRoX2luZGlhbl9yZXN0YXVyYW504AEA!16s%2Fg%2F11s4hml400?entry=ttu&g_ep=EgoyMDI2MDMwOC4wIKXMDSoASAFQAw%3D%3D",
"Results","0% busy at 6ÔÇ»am.",,"¯é░
087662 57025","http://www.deepruchi.com/","¯âê
F13, near Union Bank ( Corporation Bank) Branch, Block F, East, Dilshad Colony, Delhi, 110095","https://www.google.com/maps/place/Deepruchi+Chole+Bhature/@28.6903469,77.195621,12z/data=!4m11!1m3!2m2!1srestaurants+near+me!6e5!3m6!1s0x390cfb2daf94be83:0x7761b77352d5c541!8m2!3d28.683072!4d77.327326!15sChNyZXN0YXVyYW50cyBuZWFyIG1lIgOQAQFaFSITcmVzdGF1cmFudHMgbmVhciBtZZIBF25vcnRoX2luZGlhbl9yZXN0YXVyYW504AEA!16s%2Fg%2F11x72g2508?entry=ttu&g_ep=EgoyMDI2MDMwOC4wIKXMDSoASAFQAw%3D%3D",
"Results","0% busy at 6ÔÇ»am.",,"¯é░
096542 21579",,"¯âê
F-1/LG-1, Mrignaini Chowk, Block F, Dilshad Colony, Delhi, 110095","https://www.google.com/maps/place/Kovilakam+Restaurant/@28.6903469,77.195621,12z/data=!4m11!1m3!2m2!1srestaurants+near+me!6e5!3m6!1s0x390cfba95f819f9f:0x9ec8756f0971c20b!8m2!3d28.6840428!4d77.3268352!15sChNyZXN0YXVyYW50cyBuZWFyIG1lIgOQAQFaFSITcmVzdGF1cmFudHMgbmVhciBtZZIBEWtlcmFsYV9yZXN0YXVyYW504AEA!16s%2Fg%2F12hnmsshz?entry=ttu&g_ep=EgoyMDI2MDMwOC4wIKXMDSoASAFQAw%3D%3D",
"Results","0% busy at 6ÔÇ»am.",,"¯é░
099992 93856","http://motimahalgroup.com/","¯âê
Plot no 6, METRO STATION, near RAJENDRA NAGAR, Block D, Naveen Park, Sahibabad, Ghaziabad, Uttar Pradesh 201005","https://www.google.com/maps/place/Moti+Mahal+Delux+Restaurant/@28.6903469,77.195621,12z/data=!4m11!1m3!2m2!1srestaurants+near+me!6e5!3m6!1s0x390cfb7f4f07aa57:0xff538c07a657e738!8m2!3d28.6810563!4d77.3596193!15sChNyZXN0YXVyYW50cyBuZWFyIG1lIgOQAQFaFSITcmVzdGF1cmFudHMgbmVhciBtZZIBF25vcnRoX2luZGlhbl9yZXN0YXVyYW504AEA!16s%2Fg%2F11jwy5j88n?entry=ttu&g_ep=EgoyMDI2MDMwOC4wIKXMDSoASAFQAw%3D%3D","franchise@motimahaldelux.com"
"Results","32% busy at 12ÔÇ»am.",,"¯é░
082854 52606",,"¯âê
N-5/A, Block N, Dilshad Garden, Delhi, 110095","https://www.google.com/maps/place/Chilli+House/@28.6903469,77.195621,12z/data=!4m11!1m3!2m2!1srestaurants+near+me!6e5!3m6!1s0x390cfb54d9adc6ab:0xad42b63142ba5900!8m2!3d28.685985!4d77.3249363!15sChNyZXN0YXVyYW50cyBuZWFyIG1lIgOQAQFaFSITcmVzdGF1cmFudHMgbmVhciBtZZIBEWZhbWlseV9yZXN0YXVyYW504AEA!16s%2Fg%2F11r_ntcm3h?entry=ttu&g_ep=EgoyMDI2MDMwOC4wIKXMDSoASAFQAw%3D%3D",
"Results","0% busy at 6ÔÇ»am.",,"¯é░
093112 03322","http://www.hobskitchen.com/","¯âê
Loni Bhopura Rd, Bhopura, Sahibabad, Ghaziabad, Uttar Pradesh 201006","https://www.google.com/maps/place/Hobs+Kitchen+-+A+Family+Restaurant/@28.6903469,77.195621,12z/data=!4m11!1m3!2m2!1srestaurants+near+me!6e5!3m6!1s0x390cfbd2229d8d21:0x3ba139337d480cef!8m2!3d28.7021256!4d77.3322254!15sChNyZXN0YXVyYW50cyBuZWFyIG1lIgOQAQFaFSITcmVzdGF1cmFudHMgbmVhciBtZZIBEWZhbWlseV9yZXN0YXVyYW504AEA!16s%2Fg%2F11mtd7bgz4?entry=ttu&g_ep=EgoyMDI2MDMwOC4wIKXMDSoASAFQAw%3D%3D","info@example.com"
"Results","0% busy at 6ÔÇ»am.",,"¯é░
093544 53078","http://baithakchailoungecafe.com/?utm_source=gmb&utm_medium=referral","¯âê
Shop No. 2,B, 258, near Bharat Mata Chowk, Shalimar Garden Main B-block, Shalimar Garden, Sahibabad, Ghaziabad, Uttar Pradesh 201006","https://www.google.com/maps/place/Baithak+Chai+Lounge+And+Cafe/@28.6903469,77.195621,12z/data=!4m11!1m3!2m2!1srestaurants+near+me!6e5!3m6!1s0x390cfb2b74c53c5d:0x5a5edab7bafbda16!8m2!3d28.6887225!4d77.3341717!15sChNyZXN0YXVyYW50cyBuZWFyIG1lIgOQAQFaFSITcmVzdGF1cmFudHMgbmVhciBtZZIBEWluZGlhbl9yZXN0YXVyYW504AEA!16s%2Fg%2F11px9vh6mc?entry=ttu&g_ep=EgoyMDI2MDMwOC4wIKXMDSoASAFQAw%3D%3D",
"Results","0% busy at 6ÔÇ»am.",,"¯é░
070652 21212","https://rasoirestaurant.online/","¯âê
L-35A, Main Market, Dilshad Garden, Delhi, 110095","https://www.google.com/maps/place/Rasoi+Restaurant+%26+Party+Hall/@28.6903469,77.195621,12z/data=!4m11!1m3!2m2!1srestaurants+near+me!6e5!3m6!1s0x390cfba907780395:0x213665a05ad0c967!8m2!3d28.6816767!4d77.3218752!15sChNyZXN0YXVyYW50cyBuZWFyIG1lIgOQAQFaFSITcmVzdGF1cmFudHMgbmVhciBtZZIBEWZhbWlseV9yZXN0YXVyYW504AEA!16s%2Fg%2F1tf6kl4t?entry=ttu&g_ep=EgoyMDI2MDMwOC4wIKXMDSoASAFQAw%3D%3D","rasoi35a@gmail.com"
"Results","0% busy at 6ÔÇ»am.",,"¯é░
085277 10016",,"¯âê
Habitat Centre, Indirapuram Habitat Centre, A-C, Ahinsa Khand 1, Indirapuram, Ghaziabad, Uttar Pradesh 201014","https://www.google.com/maps/place/The+Flying+Dutchman/@28.6903469,77.195621,12z/data=!4m11!1m3!2m2!1srestaurants+near+me!6e5!3m6!1s0x390cfbb65b8a4973:0x4cb4d0255e025c28!8m2!3d28.6402307!4d77.3686902!15sChNyZXN0YXVyYW50cyBuZWFyIG1lIgOQAQFaFSITcmVzdGF1cmFudHMgbmVhciBtZZIBEmNoaW5lc2VfcmVzdGF1cmFudOABAA!16s%2Fg%2F11f621yk80?entry=ttu&g_ep=EgoyMDI2MDMwOC4wIKXMDSoASAFQAw%3D%3D",
"Results","0% busy at 6ÔÇ»am.",,"¯é░
08071 890 258","https://hrstores.haldiram.com/haldiram-s-dilshad-garden-restaurants-jhilmil-colony-new-delhi-394654/Home?utm_source=locator&utm_medium=googleplaces","¯âê
No G/3 Dilshad Garden, Jhilmil Colony, New Delhi, Delhi 110095","https://www.google.com/maps/place/Haldiram's+-+Dilshad+Garden/@28.6903469,77.195621,12z/data=!3m1!5s0x390cfb07f718f1c1:0x601c3203f9fd2110!4m11!1m3!2m2!1srestaurants+near+me!6e5!3m6!1s0x390cfb9dae3abed7:0xd2711608158e53c1!8m2!3d28.6759781!4d77.3217549!15sChNyZXN0YXVyYW50cyBuZWFyIG1lIgOQAQFaFSITcmVzdGF1cmFudHMgbmVhciBtZZIBCnJlc3RhdXJhbnTgAQA!16s%2Fg%2F11hgjm184m?entry=ttu&g_ep=EgoyMDI2MDMwOC4wIKXMDSoASAFQAw%3D%3D","customercare@haldiram.com"
"Results","0% busy at 6ÔÇ»am.",,"¯é░
098736 13392",,"¯âê
Pocket-H 49-64 Flats, POCKET-H, 141-B, Pocket H, Dilshad Garden, Delhi, 110095","https://www.google.com/maps/place/Imperial+Multi-Cuisine+Restaurant/@28.6903469,77.195621,12z/data=!4m11!1m3!2m2!1srestaurants+near+me!6e5!3m6!1s0x390cfba61b5d1f77:0x98e256be675f084e!8m2!3d28.6809422!4d77.3205111!15sChNyZXN0YXVyYW50cyBuZWFyIG1lIgOQAQFaFSITcmVzdGF1cmFudHMgbmVhciBtZZIBEWluZGlhbl9yZXN0YXVyYW504AEA!16s%2Fg%2F11tg1kqlhq?entry=ttu&g_ep=EgoyMDI2MDMwOC4wIKXMDSoASAFQAw%3D%3D",
"Results","0% busy at 6ÔÇ»am.",,"¯é░
085870 00709",,"¯âê
C2, Sector 14A, Block A, Sector 14, Vasundhara, Ghaziabad, Uttar Pradesh 201012","https://www.google.com/maps/place/Cocoon-+Eat.Play.Celebrate/@28.6903469,77.195621,12z/data=!4m11!1m3!2m2!1srestaurants+near+me!6e5!3m6!1s0x390cfb1981cd01e3:0xe33041e69ded1720!8m2!3d28.6621243!4d77.3608243!15sChNyZXN0YXVyYW50cyBuZWFyIG1lIgOQAQFaFSITcmVzdGF1cmFudHMgbmVhciBtZZIBEWZhbWlseV9yZXN0YXVyYW504AEA!16s%2Fg%2F11lhcv7jyz?entry=ttu&g_ep=EgoyMDI2MDMwOC4wIKXMDSoASAFQAw%3D%3D",
"Results","0% busy at 6ÔÇ»am.",,"¯é░
098185 50595","https://bikanervala.com/pages/dilshad-garden","¯âê
House No:-ZB-9-10-11/487, Dilshad Garden GT Road, Next To HP Petrol Pump, Dilshad Garden, New Delhi, Delhi 110095","https://www.google.com/maps/place/Bikanervala+%7C+Dilshad+Garden+Delhi/@28.6903469,77.195621,12z/data=!4m11!1m3!2m2!1srestaurants+near+me!6e5!3m6!1s0x390cfb09a5c586f3:0x848b567b163d1446!8m2!3d28.6764034!4d77.317025!15sChNyZXN0YXVyYW50cyBuZWFyIG1lIgOQAQFaFSITcmVzdGF1cmFudHMgbmVhciBtZZIBEWZhbWlseV9yZXN0YXVyYW504AEA!16s%2Fg%2F11g9jmrt24?entry=ttu&g_ep=EgoyMDI2MDMwOC4wIKXMDSoASAFQAw%3D%3D","customercare@bikanervala.com"
"Results","0% busy at 6ÔÇ»am.",,"¯é░
088601 90494",,"¯âê
F -45, Block E, New Seemapuri, delhi -95, Delhi, 110095","https://www.google.com/maps/place/PIZZA+TOWN/@28.6903469,77.195621,12z/data=!4m11!1m3!2m2!1srestaurants+near+me!6e5!3m6!1s0x390cfbac69225d05:0xe4e6386f406e040b!8m2!3d28.6864156!4d77.3290482!15sChNyZXN0YXVyYW50cyBuZWFyIG1lIgOQAQFaFSITcmVzdGF1cmFudHMgbmVhciBtZZIBEHBpenphX3Jlc3RhdXJhbnTgAQA!16s%2Fg%2F11sf2gsbhh?entry=ttu&g_ep=EgoyMDI2MDMwOC4wIKXMDSoASAFQAw%3D%3D",
"Results","0% busy at 6ÔÇ»am.",,"¯é░
098186 36409",,"¯âê
G139, I Block Main Rd, Pocket 1, Block G, Block F, Old Seemapuri, Delhi, 110095","https://www.google.com/maps/place/IMRAN+ZAIKA+CHIKAN+POINT/@28.6903469,77.195621,12z/data=!4m11!1m3!2m2!1srestaurants+near+me!6e5!3m6!1s0x390cfb21bbcf5127:0xd1fe257b7a12ee83!8m2!3d28.6822639!4d77.3311832!15sChNyZXN0YXVyYW50cyBuZWFyIG1lIgOQAQFaFSITcmVzdGF1cmFudHMgbmVhciBtZZIBEmNoaWNrZW5fcmVzdGF1cmFudOABAA!16s%2Fg%2F11h4gl381_?entry=ttu&g_ep=EgoyMDI2MDMwOC4wIKXMDSoASAFQAw%3D%3D",
"Results","0% busy at 4ÔÇ»am.",,,"http://biryanimarkaj.com/","¯âê
shop no. 11 f block jama masjid gali, Dilshad Colony Rd, New Seemapuri, Dilshad Colony, Delhi, 110095","https://www.google.com/maps/place/Biryani+Markaj/@28.6903469,77.195621,12z/data=!4m11!1m3!2m2!1srestaurants+near+me!6e5!3m6!1s0x390cfbac165d972b:0x5776411082877c5f!8m2!3d28.6867552!4d77.3278896!15sChNyZXN0YXVyYW50cyBuZWFyIG1lIgOQAQFaFSITcmVzdGF1cmFudHMgbmVhciBtZZIBEmJpcnlhbmlfcmVzdGF1cmFudOABAA!16s%2Fg%2F11gfd5dsn2?entry=ttu&g_ep=EgoyMDI2MDMwOC4wIKXMDSoASAFQAw%3D%3D",
"Results","0% busy at 6ÔÇ»am.",,"¯é░
097173 62363",,"¯âê
Shop No 15, Dilshad Garden, Pocket P Road, Dilshad Garden, New Delhi, Delhi 110095","https://www.google.com/maps/place/Pummy+Food+Zone/@28.6903469,77.195621,12z/data=!3m1!5s0x390cfbaf22a87783:0xd850d53ae865c237!4m11!1m3!2m2!1srestaurants+near+me!6e5!3m6!1s0x390cfb062a6fcb6b:0x8bded096cf917573!8m2!3d28.6864662!4d77.3231131!15sChNyZXN0YXVyYW50cyBuZWFyIG1lIgOQAQFaFSITcmVzdGF1cmFudHMgbmVhciBtZZIBF25vcnRoX2luZGlhbl9yZXN0YXVyYW504AEA!16s%2Fg%2F1tsyhkx8?entry=ttu&g_ep=EgoyMDI2MDMwOC4wIKXMDSoASAFQAw%3D%3D",
"Results","0% busy at 6ÔÇ»am.",,,,"¯âê
A-443, Block E, Old Seemapuri, Delhi, 110095","https://www.google.com/maps/place/Kingkong/@28.6903469,77.195621,12z/data=!4m11!1m3!2m2!1srestaurants+near+me!6e5!3m6!1s0x390cfbaf6f431bd3:0xe9cd76da480220ea!8m2!3d28.6810471!4d77.329025!15sChNyZXN0YXVyYW50cyBuZWFyIG1lIgOQAQFaFSITcmVzdGF1cmFudHMgbmVhciBtZZIBCnJlc3RhdXJhbnTgAQA!16s%2Fg%2F11h37wm7k1?entry=ttu&g_ep=EgoyMDI2MDMwOC4wIKXMDSoASAFQAw%3D%3D",
"Results","0% busy at 6ÔÇ»am.",,,"https://hotelklydegrand.com/f","¯âê
SK Klyde Grand, 37/1, Maharajpur, Sahibabad Industrial Area Site 4, Sahibabad, Ghaziabad, Uttar Pradesh 201010","https://www.google.com/maps/place/Bayleaf+Multi+Cuisine+Restaurant/@28.6903469,77.195621,12z/data=!3m1!5s0x390cfc99d42822d7:0x3d5e00ee95952996!4m11!1m3!2m2!1srestaurants+near+me!6e5!3m6!1s0x390cfb46805a616f:0x7457c99a2d4d79c2!8m2!3d28.6532338!4d77.3268548!15sChNyZXN0YXVyYW50cyBuZWFyIG1lIgOQAQFaFSITcmVzdGF1cmFudHMgbmVhciBtZZIBEWluZGlhbl9yZXN0YXVyYW504AEA!16s%2Fg%2F11v9gh84x2?entry=ttu&g_ep=EgoyMDI2MDMwOC4wIKXMDSoASAFQAw%3D%3D",
"Results","0% busy at 6ÔÇ»am.",,"¯é░
099101 63427",,"¯âê
N-26, Block N, Dilshad Garden, Delhi, 110095","https://www.google.com/maps/place/Pokhra+MALAI+CHAP/@28.6903469,77.195621,12z/data=!4m11!1m3!2m2!1srestaurants+near+me!6e5!3m6!1s0x390cfbaf23f9db81:0x60403d4ea3dd26a7!8m2!3d28.6861482!4d77.3235135!15sChNyZXN0YXVyYW50cyBuZWFyIG1lIgOQAQFaFSITcmVzdGF1cmFudHMgbmVhciBtZZIBEmNoaW5lc2VfcmVzdGF1cmFudOABAA!16s%2Fg%2F11b73jw5qs?entry=ttu&g_ep=EgoyMDI2MDMwOC4wIKXMDSoASAFQAw%3D%3D",
"Results","0% busy at 6ÔÇ»am.",,"¯é░
085888 37593",,"¯âê
Block J, New Seemapuri, Dilshad Colony, Delhi, 110095","https://www.google.com/maps/place/BhogBilash+Tiffin+Service/@28.6903469,77.195621,12z/data=!4m11!1m3!2m2!1srestaurants+near+me!6e5!3m6!1s0x390cfb3830e51585:0x11532ea7d42bb1ae!8m2!3d28.6854653!4d77.3280053!15sChNyZXN0YXVyYW50cyBuZWFyIG1lIgOQAQFaFSITcmVzdGF1cmFudHMgbmVhciBtZZIBDXRpZmZpbl9jZW50ZXLgAQA!16s%2Fg%2F11t7hdz575?entry=ttu&g_ep=EgoyMDI2MDMwOC4wIKXMDSoASAFQAw%3D%3D",
"Results","4.8 stars",,"¯é░
070421 89075",,"¯âê
SHOP NO. 1 G.F. PART OF, DDA Flats, 233-A, Pocket L Dilshad Garden Rd, Block L, Dilshad Garden, Delhi, 110095","https://www.google.com/maps/place/Bite+N+lick/@28.6903469,77.195621,12z/data=!4m11!1m3!2m2!1srestaurants+near+me!6e5!3m6!1s0x390cfbe522a83489:0xf7ccf8e82ca08516!8m2!3d28.6828219!4d77.3231697!15sChNyZXN0YXVyYW50cyBuZWFyIG1lIgOQAQFaFSITcmVzdGF1cmFudHMgbmVhciBtZZIBFGZhc3RfZm9vZF9yZXN0YXVyYW504AEA!16s%2Fg%2F11mw7q93tv?entry=ttu&g_ep=EgoyMDI2MDMwOC4wIKXMDSoASAFQAw%3D%3D",
"Results","0% busy at 6ÔÇ»am.",,"¯é░
087501 41630","https://magicpin.in/New-Delhi/Shahdara/Restaurant/Zaika-Restaurant-And-Cafe/store/6139a1/?utm_source=gbp","¯âê
60, Pocket A, Bank Colony, Mandoli, Delhi, 110093","https://www.google.com/maps/place/Zaika+Restaurant+%26+Cafe/@28.6903469,77.195621,12z/data=!4m11!1m3!2m2!1srestaurants+near+me!6e5!3m6!1s0x390cfb30914c680f:0x45b8fc70212abbaa!8m2!3d28.702893!4d77.312542!15sChNyZXN0YXVyYW50cyBuZWFyIG1lIgOQAQFaFSITcmVzdGF1cmFudHMgbmVhciBtZZIBCnJlc3RhdXJhbnTgAQA!16s%2Fg%2F11r4bgc2s0?entry=ttu&g_ep=EgoyMDI2MDMwOC4wIKXMDSoASAFQAw%3D%3D",
"Results","4.6 stars",,"¯é░
093543 96700",,"¯âê
First floor-4B, DDA Market, Pocket L Dilshad Garden Rd, Block L, Dilshad Garden, Delhi, 110095","https://www.google.com/maps/place/Chatorey+Lounge+N'+Restaurant/@28.6903469,77.195621,12z/data=!4m11!1m3!2m2!1srestaurants+near+me!6e5!3m6!1s0x390cfb86fc1aa027:0xe58e61630675cbe2!8m2!3d28.6828916!4d77.3232776!15sChNyZXN0YXVyYW50cyBuZWFyIG1lIgOQAQFaFSITcmVzdGF1cmFudHMgbmVhciBtZZIBEWluZGlhbl9yZXN0YXVyYW504AEA!16s%2Fg%2F11xzwl329q?entry=ttu&g_ep=EgoyMDI2MDMwOC4wIKXMDSoASAFQAw%3D%3D",
"Results","0% busy at 6ÔÇ»am.",,"¯é░
098186 63815",,"¯âê
plot no:9, Richmond Park, Sector 4, Sector 6, Vasundhara, Ghaziabad, Uttar Pradesh 201012","https://www.google.com/maps/place/Hunger's+Paradise/@28.6903469,77.195621,12z/data=!4m11!1m3!2m2!1srestaurants+near+me!6e5!3m6!1s0x390cfbda98abb7e7:0x326f132099b99ca1!8m2!3d28.6637982!4d77.3751339!15sChNyZXN0YXVyYW50cyBuZWFyIG1lIgOQAQFaFSITcmVzdGF1cmFudHMgbmVhciBtZZIBCnJlc3RhdXJhbnTgAQA!16s%2Fg%2F11lr70t5_3?entry=ttu&g_ep=EgoyMDI2MDMwOC4wIKXMDSoASAFQAw%3D%3D",
"Results","0% busy at 6ÔÇ»am.",,"¯é░
092893 50335","https://www.apnirasoi.co.in/","¯âê
C- 199, Block C, Jhilmil Colony, New Delhi, Delhi, 110095","https://www.google.com/maps/place/APNI+RASOI/@28.6903469,77.195621,12z/data=!4m11!1m3!2m2!1srestaurants+near+me!6e5!3m6!1s0x390cfb17ebad23e9:0x3710fb55ee1f53a7!8m2!3d28.6683766!4d77.3120909!15sChNyZXN0YXVyYW50cyBuZWFyIG1lIgOQAQFaFSITcmVzdGF1cmFudHMgbmVhciBtZZIBF25vcnRoX2luZGlhbl9yZXN0YXVyYW504AEA!16s%2Fg%2F11ry74j4zx?entry=ttu&g_ep=EgoyMDI2MDMwOC4wIKXMDSoASAFQAw%3D%3D","info@wbsite.com"
"Results","0% busy at 6ÔÇ»am.",,"¯é░
098103 74749",,"¯âê
M89G+X5P, Block A, A Block, Market, Block A, Surya Nagar, Ghaziabad, Uttar Pradesh 201011","https://www.google.com/maps/place/Maini+Restaurant/@28.6903469,77.195621,12z/data=!4m11!1m3!2m2!1srestaurants+near+me!6e5!3m6!1s0x390cfb04bfffffff:0x31ea522d4190dc5e!8m2!3d28.6699742!4d77.3254659!15sChNyZXN0YXVyYW50cyBuZWFyIG1lIgOQAQFaFSITcmVzdGF1cmFudHMgbmVhciBtZZIBF25vcnRoX2luZGlhbl9yZXN0YXVyYW504AEA!16s%2Fg%2F1tf7_zs1?entry=ttu&g_ep=EgoyMDI2MDMwOC4wIKXMDSoASAFQAw%3D%3D",
"Results","0% busy at 6ÔÇ»am.",,,,"¯âê
Block C, Old Seemapuri, Delhi, 110095","https://www.google.com/maps/place/Prabhu+South+Indian+Corner/@28.6903469,77.195621,12z/data=!4m11!1m3!2m2!1srestaurants+near+me!6e5!3m6!1s0x390cfbaa8480d5b9:0x2d0dfafc245ebac8!8m2!3d28.6807061!4d77.3295045!15sChNyZXN0YXVyYW50cyBuZWFyIG1lIgOQAQFaFSITcmVzdGF1cmFudHMgbmVhciBtZZIBF3NvdXRoX2luZGlhbl9yZXN0YXVyYW504AEA!16s%2Fg%2F12hptk88f?entry=ttu&g_ep=EgoyMDI2MDMwOC4wIKXMDSoASAFQAw%3D%3D",
"Results","0% busy at 6ÔÇ»am.",,"¯é░
079829 94654","https://kalimirch.in/","¯âê
Ground Floor, A191, near Bharat Mata Chowk, Main A-block, Shalimar Garden, Sahibabad, Ghaziabad, Uttar Pradesh 201005","https://www.google.com/maps/place/KALI+MIRCH+RESTAURANT+%26+CAFE/@28.6903469,77.195621,12z/data=!4m11!1m3!2m2!1srestaurants+near+me!6e5!3m6!1s0x390cfb94a5ffd9bb:0xdaeb6287b9ea786d!8m2!3d28.6887415!4d77.3343267!15sChNyZXN0YXVyYW50cyBuZWFyIG1lIgOQAQFaFSITcmVzdGF1cmFudHMgbmVhciBtZZIBCnJlc3RhdXJhbnTgAQA!16s%2Fg%2F11l_5k2nbc?entry=ttu&g_ep=EgoyMDI2MDMwOC4wIKXMDSoASAFQAw%3D%3D",
"Results","0% busy at 6ÔÇ»am.",,"¯é░
099105 94810",,"¯âê
F-326,Ground Floor, near Gurudwara, Block F, Old Seemapuri, Delhi, 110095","https://www.google.com/maps/place/King+Cock/@28.6903469,77.195621,12z/data=!4m11!1m3!2m2!1srestaurants+near+me!6e5!3m6!1s0x390cfbaa5d655185:0xa19a524d895d5bcc!8m2!3d28.681045!4d77.3289812!15sChNyZXN0YXVyYW50cyBuZWFyIG1lIgOQAQFaFSITcmVzdGF1cmFudHMgbmVhciBtZZIBEmJpcnlhbmlfcmVzdGF1cmFudOABAA!16s%2Fg%2F12hm_41xr?entry=ttu&g_ep=EgoyMDI2MDMwOC4wIKXMDSoASAFQAw%3D%3D",
"Results","0% busy at 6ÔÇ»am.",,"¯é░
083770 58999",,"¯âê
New Karhera Colony, Mohan Nagar, Sahibabad, Ghaziabad, Uttar Pradesh 201007","https://www.google.com/maps/place/Hindon+Veg+restaurant/@28.6903469,77.195621,12z/data=!4m11!1m3!2m2!1srestaurants+near+me!6e5!3m6!1s0x390cfb54b7ddc0ab:0xa3e8ba6c0d49892!8m2!3d28.6883928!4d77.3752711!15sChNyZXN0YXVyYW50cyBuZWFyIG1lIgOQAQFaFSITcmVzdGF1cmFudHMgbmVhciBtZZIBCnJlc3RhdXJhbnTgAQA!16s%2Fg%2F11m9zzzh63?entry=ttu&g_ep=EgoyMDI2MDMwOC4wIKXMDSoASAFQAw%3D%3D",
"Results","0% busy at 6ÔÇ»am.",,"¯é░
099109 34269",,"¯âê
2nd Floor, Pacific Mall, near Sahibabad Industrial Area, Plot Alpha, Sahibabad Industrial Area Site 4, Sahibabad, Ghaziabad, Uttar Pradesh 201010","https://www.google.com/maps/place/The+Yellow+Chilli+-+Pacific+Mall,+Kaushambi/@28.6903469,77.195621,12z/data=!3m1!5s0x390cfb3ac3ec2653:0x9a73017cb871e3be!4m11!1m3!2m2!1srestaurants+near+me!6e5!3m6!1s0x390cfb3ac2fb5d79:0x4b9ac18bf63f0213!8m2!3d28.6465644!4d77.3200581!15sChNyZXN0YXVyYW50cyBuZWFyIG1lIgOQAQFaFSITcmVzdGF1cmFudHMgbmVhciBtZZIBF25vcnRoX2luZGlhbl9yZXN0YXVyYW504AEA!16s%2Fg%2F124sxw107?entry=ttu&g_ep=EgoyMDI2MDMwOC4wIKXMDSoASAFQAw%3D%3D",
"Results","0% busy at 6ÔÇ»am.",,"¯é░
092110 00233","http://hippiebus.in/","¯âê
second floor, Sikha Galaxy Complex, market, near dav public school, Shreshtha Vihar, Anand Vihar, New Delhi, Delhi, 110092","https://www.google.com/maps/place/Hippie+Bus+cafe/@28.6903469,77.195621,12z/data=!3m1!5s0x390cfb163f9e9d99:0xb8c34afe564d9863!4m11!1m3!2m2!1srestaurants+near+me!6e5!3m6!1s0x390cfb6b9c3c2937:0xb97f80b2e88725d2!8m2!3d28.6573409!4d77.3171918!15sChNyZXN0YXVyYW50cyBuZWFyIG1lIgOQAQFaFSITcmVzdGF1cmFudHMgbmVhciBtZZIBBGNhZmXgAQA!16s%2Fg%2F11c2pyc8lp?entry=ttu&g_ep=EgoyMDI2MDMwOC4wIKXMDSoASAFQAw%3D%3D",
"Results","0% busy at 6ÔÇ»am.",,"¯é░
011 2258 9886",,"¯âê
L 238A, Dilshad Garden, near Pummy Sweet Corner, Dilshad Garden, Delhi, 110095","https://www.google.com/maps/place/Tandoor+Point/@28.6903469,77.195621,12z/data=!4m11!1m3!2m2!1srestaurants+near+me!6e5!3m6!1s0x390cfba87f862e4f:0x3d4f0b98ca4b53d4!8m2!3d28.6819004!4d77.320757!15sChNyZXN0YXVyYW50cyBuZWFyIG1lIgOQAQFaFSITcmVzdGF1cmFudHMgbmVhciBtZZIBF25vcnRoX2luZGlhbl9yZXN0YXVyYW504AEA!16s%2Fg%2F1tmk6wqt?entry=ttu&g_ep=EgoyMDI2MDMwOC4wIKXMDSoASAFQAw%3D%3D",
"Results","4.2 stars",,"¯é░
084474 30711","https://motimahal.in/","¯âê
A-16, Shop No. 1 Budh Bazar Road, Extn., Shalimar Garden Main Rd, Shalimar Garden, Sahibabad, Ghaziabad, Uttar Pradesh 201005","https://www.google.com/maps/place/Moti+Mahal+Restaurant/@28.6903469,77.195621,12z/data=!4m11!1m3!2m2!1srestaurants+near+me!6e5!3m6!1s0x390cfa5a40d187c1:0xd738c764c4e802ac!8m2!3d28.6887459!4d77.345696!15sChNyZXN0YXVyYW50cyBuZWFyIG1lIgOQAQFaFSITcmVzdGF1cmFudHMgbmVhciBtZZIBEWluZGlhbl9yZXN0YXVyYW504AEA!16s%2Fg%2F11clv7575v?entry=ttu&g_ep=EgoyMDI2MDMwOC4wIKXMDSoASAFQAw%3D%3D",
"Results","0% busy at 6ÔÇ»am.",,"¯é░
098188 66444",,"¯âê
L 65A, Block L, Dilshad Garden, Delhi, 110095","https://www.google.com/maps/place/Prince's+Baba+Hotel+(we+dont+have+any+branch)/@28.6903469,77.195621,12z/data=!4m11!1m3!2m2!1srestaurants+near+me!6e5!3m6!1s0x390cfba8f674fddf:0xd917f79b947f15dd!8m2!3d28.6822392!4d77.3226041!15sChNyZXN0YXVyYW50cyBuZWFyIG1lIgOQAQFaFSITcmVzdGF1cmFudHMgbmVhciBtZZIBF25vcnRoX2luZGlhbl9yZXN0YXVyYW504AEA!16s%2Fg%2F124t3m50x?entry=ttu&g_ep=EgoyMDI2MDMwOC4wIKXMDSoASAFQAw%3D%3D",
"Results","0% busy at 5ÔÇ»am.",,"¯é░
011 7172 1234","https://www.theleela.com/the-leela-ambience-convention-hotel-delhi/restaurants/cafe-knosh/","¯âê
Yamuna Sports Complex, Near, The Leela Ambience Convention Hotel 1, CBD, Maharaja Surajmal Marg, Shahdara, New Delhi, Delhi 110032","https://www.google.com/maps/place/Cafe+Knosh/@28.6903469,77.195621,12z/data=!4m11!1m3!2m2!1srestaurants+near+me!6e5!3m6!1s0x390cfb6ef001e073:0xa8815c8a29c864e9!8m2!3d28.661996!4d77.3018673!15sChNyZXN0YXVyYW50cyBuZWFyIG1lIgOQAQFaFSITcmVzdGF1cmFudHMgbmVhciBtZZIBBGNhZmXgAQA!16s%2Fg%2F11_v27dsk?entry=ttu&g_ep=EgoyMDI2MDMwOC4wIKXMDSoASAFQAw%3D%3D","cafeknosh.TLACH@theleela.com"
"Results","0% busy at 6ÔÇ»am.",,"¯é░
099718 67002",,"¯âê
Stree No.1 Main, 20 Futa Rd, Rajiv Nagar, Mandoli, Delhi, 110093","https://www.google.com/maps/place/Gayatri+sweet's+%26+Restaurant/@28.6903469,77.195621,12z/data=!4m11!1m3!2m2!1srestaurants+near+me!6e5!3m6!1s0x390cfb70e62d0bfd:0x4f9738bfef4bbfc!8m2!3d28.7057546!4d77.3142871!15sChNyZXN0YXVyYW50cyBuZWFyIG1lIgOQAQFaFSITcmVzdGF1cmFudHMgbmVhciBtZZIBCnJlc3RhdXJhbnTgAQA!16s%2Fg%2F11nxt6kvck?entry=ttu&g_ep=EgoyMDI2MDMwOC4wIKXMDSoASAFQAw%3D%3D",
"Results","4.6 stars",,"¯é░
096500 46765","https://m.facebook.com/grillinfood/?ref=bookmarks","¯âê
F-36, near Jama Masjid, Block A, Old Seemapuri, Delhi, 110095","https://www.google.com/maps/place/Grill+In'+Food/@28.6903469,77.195621,12z/data=!4m11!1m3!2m2!1srestaurants+near+me!6e5!3m6!1s0x390cfb42f6cdab0b:0xc3c79fc5d67d83e5!8m2!3d28.6824232!4d77.3317945!15sChNyZXN0YXVyYW50cyBuZWFyIG1lIgOQAQFaFSITcmVzdGF1cmFudHMgbmVhciBtZZIBEWZhbWlseV9yZXN0YXVyYW504AEA!16s%2Fg%2F11mghshtsn?entry=ttu&g_ep=EgoyMDI2MDMwOC4wIKXMDSoASAFQAw%3D%3D",
"Results","0% busy at 6ÔÇ»am.",,"¯é░
098992 27278",,"¯âê
Plot 4, Naveen park, Rajender Nagar, Shyam Park Extension, Sahibabad, Ghaziabad, Uttar Pradesh 201005","https://www.google.com/maps/place/Monalisa+Restaurant/@28.6903469,77.195621,12z/data=!4m11!1m3!2m2!1srestaurants+near+me!6e5!3m6!1s0x390cfb61dd8e84d7:0x93478f889ee5dd37!8m2!3d28.6807433!4d77.3596582!15sChNyZXN0YXVyYW50cyBuZWFyIG1lIgOQAQFaFSITcmVzdGF1cmFudHMgbmVhciBtZZIBCnJlc3RhdXJhbnTgAQA!16s%2Fg%2F11lfgp_2g_?entry=ttu&g_ep=EgoyMDI2MDMwOC4wIKXMDSoASAFQAw%3D%3D",
"Results","0% busy at 6ÔÇ»am.",,"¯é░
099100 86460",,"¯âê
A19/G1 Garage, opposite Pooja Tent House, A Block, Dilshad Garden, Delhi, 110095","https://www.google.com/maps/place/Munch+Station/@28.6903469,77.195621,12z/data=!4m11!1m3!2m2!1srestaurants+near+me!6e5!3m6!1s0x390cfb1853513553:0x818fd329c5fcd1b6!8m2!3d28.6787051!4d77.3127292!15sChNyZXN0YXVyYW50cyBuZWFyIG1lIgOQAQFaFSITcmVzdGF1cmFudHMgbmVhciBtZZIBCnJlc3RhdXJhbnTgAQA!16s%2Fg%2F11hj8dvnpm?entry=ttu&g_ep=EgoyMDI2MDMwOC4wIKXMDSoASAFQAw%3D%3D",
"Results","0% busy at 6ÔÇ»am.",,"¯é░
088603 21549","https://kailashfamilyrestaurant.in/","¯âê
Plot No- 367, 1203, Mohan Meakin Society, Sector 5, Vasundhara, Ghaziabad, Uttar Pradesh 201012","https://www.google.com/maps/place/Kailash+family+restaurant+%26+caters/@28.6903469,77.195621,12z/data=!4m11!1m3!2m2!1srestaurants+near+me!6e5!3m6!1s0x390cfaa0f7585bfd:0x2b377db537ffecda!8m2!3d28.6636847!4d77.3764988!15sChNyZXN0YXVyYW50cyBuZWFyIG1lIgOQAQFaFSITcmVzdGF1cmFudHMgbmVhciBtZZIBEWZhbWlseV9yZXN0YXVyYW504AEA!16s%2Fg%2F11cmn933rf?entry=ttu&g_ep=EgoyMDI2MDMwOC4wIKXMDSoASAFQAw%3D%3D",
"Results","0% busy at 6ÔÇ»am.",,"¯é░
099119 75558","https://www.instagram.com/wah_ji_wah_sahibabad/","¯âê
Plot no :5, Major Mohit Sharma Marg, Naveen Park, Sahibabad, Ghaziabad, Uttar Pradesh 201005","https://www.google.com/maps/place/Wah+Ji+Wah+Restaurant/@28.6903469,77.195621,12z/data=!4m11!1m3!2m2!1srestaurants+near+me!6e5!3m6!1s0x390cfa8a47812ea1:0x5045195732cd49f3!8m2!3d28.6809591!4d77.3596573!15sChNyZXN0YXVyYW50cyBuZWFyIG1lIgOQAQFaFSITcmVzdGF1cmFudHMgbmVhciBtZZIBEnB1bmphYmlfcmVzdGF1cmFudOABAA!16s%2Fg%2F11gf9pj5yw?entry=ttu&g_ep=EgoyMDI2MDMwOC4wIKXMDSoASAFQAw%3D%3D",
"Results","0% busy at 6ÔÇ»am.",,"¯é░
099530 72045",,"¯âê
C-204, Block C, Brij Vihar, Surya Nagar, Ghaziabad, Uttar Pradesh 201011","https://www.google.com/maps/place/Anna+Madras+Cafe+South+Indian+Food/@28.6903469,77.195621,12z/data=!4m11!1m3!2m2!1srestaurants+near+me!6e5!3m6!1s0x390cfbf8d6c06dd5:0x4038ce70d6912301!8m2!3d28.6707964!4d77.3357172!15sChNyZXN0YXVyYW50cyBuZWFyIG1lIgOQAQFaFSITcmVzdGF1cmFudHMgbmVhciBtZZIBF3NvdXRoX2luZGlhbl9yZXN0YXVyYW504AEA!16s%2Fg%2F11fhwv53dk?entry=ttu&g_ep=EgoyMDI2MDMwOC4wIKXMDSoASAFQAw%3D%3D",
"Results","0% busy at 6ÔÇ»am.",,"¯é░
099114 97827",,"¯âê
N-8/A-3, Block N, Dilshad Garden, New Delhi, Delhi, 110095","https://www.google.com/maps/place/CHACHA+CHICKEN+TAKE+AWAY/@28.6903469,77.195621,12z/data=!4m11!1m3!2m2!1srestaurants+near+me!6e5!3m6!1s0x390cfbaee7cd9b7b:0x443b4ec4f536570d!8m2!3d28.6866629!4d77.324459!15sChNyZXN0YXVyYW50cyBuZWFyIG1lIgOQAQFaFSITcmVzdGF1cmFudHMgbmVhciBtZZIBDW1lYWxfdGFrZWF3YXngAQA!16s%2Fg%2F124ymn88d?entry=ttu&g_ep=EgoyMDI2MDMwOC4wIKXMDSoASAFQAw%3D%3D",
"Results","0% busy at 6ÔÇ»am.",,"¯é░
062629 29286",,"¯âê
Shop No - 16, Local Shopping Complex DDA Market, Savita Vihar, Anand Vihar, New Delhi, Delhi 110092","https://www.google.com/maps/place/Dilli92/@28.6903469,77.195621,12z/data=!4m11!1m3!2m2!1srestaurants+near+me!6e5!3m6!1s0x390cfb46324b8339:0x3046577ab9246ee0!8m2!3d28.6603231!4d77.3169894!15sChNyZXN0YXVyYW50cyBuZWFyIG1lIgOQAQFaFSITcmVzdGF1cmFudHMgbmVhciBtZZIBF25vcnRoX2luZGlhbl9yZXN0YXVyYW504AEA!16s%2Fg%2F11pqw49mn4?entry=ttu&g_ep=EgoyMDI2MDMwOC4wIKXMDSoASAFQAw%3D%3D",
"Results","0% busy at 6ÔÇ»am.",,"¯é░
088822 88822","https://nazeerfoods.com/","¯âê
KH.NO. 3713, Wazirabad Rd, Pasonda, Sahibabad, Ghaziabad, Uttar Pradesh 201004","https://www.google.com/maps/place/Nazeer+foods/@28.6903469,77.195621,12z/data=!4m11!1m3!2m2!1srestaurants+near+me!6e5!3m6!1s0x390cfbe393cea159:0x9d327928fa8b7939!8m2!3d28.6893031!4d77.3574739!15sChNyZXN0YXVyYW50cyBuZWFyIG1lIgOQAQFaFSITcmVzdGF1cmFudHMgbmVhciBtZZIBF25vcnRoX2luZGlhbl9yZXN0YXVyYW504AEA!16s%2Fg%2F11rr_x4hjc?entry=ttu&g_ep=EgoyMDI2MDMwOC4wIKXMDSoASAFQAw%3D%3D","crm@nazeerfoods.com"
"Results","0% busy at 6ÔÇ»am.",,,,"¯âê
81, Block C, Jhilmil Colony, Delhi, 110095","https://www.google.com/maps/place/Indiana+Bistro/@28.6903469,77.195621,12z/data=!4m11!1m3!2m2!1srestaurants+near+me!6e5!3m6!1s0x390cfbd046dea1d9:0x8f482c02f3c224a7!8m2!3d28.671369!4d77.312655!15sChNyZXN0YXVyYW50cyBuZWFyIG1lIgOQAQFaFSITcmVzdGF1cmFudHMgbmVhciBtZZIBCnJlc3RhdXJhbnTgAQA!16s%2Fg%2F11m7nq2_t3?entry=ttu&g_ep=EgoyMDI2MDMwOC4wIKXMDSoASAFQAw%3D%3D",
"Results","0% busy at 5ÔÇ»am.",,,,"¯âê
Pocket A, New Seemapuri, Seemapuri, Delhi, 110095","https://www.google.com/maps/place/Prabhati+Restaurant/@28.6903469,77.195621,12z/data=!4m11!1m3!2m2!1srestaurants+near+me!6e5!3m6!1s0x390cfbc9f3471f29:0x2cc7daf9c0983864!8m2!3d28.6895363!4d77.3269224!15sChNyZXN0YXVyYW50cyBuZWFyIG1lIgOQAQFaFSITcmVzdGF1cmFudHMgbmVhciBtZZIBCnJlc3RhdXJhbnTgAQA!16s%2Fg%2F11q3ry4q5x?entry=ttu&g_ep=EgoyMDI2MDMwOC4wIKXMDSoASAFQAw%3D%3D",
"Results",,,"¯é░
099531 97473",,"¯âê
Shop no 7, Wazirabad Rd, near Garimanjali public school, Garima Garden, Pasonda, Sahibabad, Ghaziabad, Uttar Pradesh 201006","https://www.google.com/maps/place/MULTI+Food+Restaurant/@28.6903469,77.195621,12z/data=!4m11!1m3!2m2!1srestaurants+near+me!6e5!3m6!1s0x390cfb8c9e738b9b:0x4107f27fe28a5801!8m2!3d28.6925167!4d77.3479401!15sChNyZXN0YXVyYW50cyBuZWFyIG1lIgOQAQFaFSITcmVzdGF1cmFudHMgbmVhciBtZZIBCnJlc3RhdXJhbnTgAQA!16s%2Fg%2F11lns65fcm?entry=ttu&g_ep=EgoyMDI2MDMwOC4wIKXMDSoASAFQAw%3D%3D",
"Results","0% busy at 5ÔÇ»am.",,"¯é░
093150 96158",,"¯âê
312 D-block, Block D, New Seemapuri, Seemapuri, New Delhi, Delhi, 110095","https://www.google.com/maps/place/Indo+Milk+Shake/@28.6903469,77.195621,12z/data=!4m11!1m3!2m2!1srestaurants+near+me!6e5!3m6!1s0x390cfbf4e7b3e7b7:0x7ec1c28d26ce92aa!8m2!3d28.6879075!4d77.3299422!15sChNyZXN0YXVyYW50cyBuZWFyIG1lIgOQAQFaFSITcmVzdGF1cmFudHMgbmVhciBtZZIBCnJlc3RhdXJhbnTgAQA!16s%2Fg%2F11mdhlgqlx?entry=ttu&g_ep=EgoyMDI2MDMwOC4wIKXMDSoASAFQAw%3D%3D",
"Results","0% busy at 6ÔÇ»am.",,"¯é░
098739 07076",,"¯âê
S-14, near S M Mall, Shalimar Garden Extension II, Sahibabad, Ghaziabad, Uttar Pradesh 201005","https://www.google.com/maps/place/Punjab+Curry+Corner/@28.6903469,77.195621,12z/data=!4m11!1m3!2m2!1srestaurants+near+me!6e5!3m6!1s0x390cfa5a7463355f:0xe2e8851ce7fd79db!8m2!3d28.6885568!4d77.3444092!15sChNyZXN0YXVyYW50cyBuZWFyIG1lIgOQAQFaFSITcmVzdGF1cmFudHMgbmVhciBtZZIBDW1lYWxfdGFrZWF3YXngAQA!16s%2Fg%2F1ptx_68g3?entry=ttu&g_ep=EgoyMDI2MDMwOC4wIKXMDSoASAFQAw%3D%3D",
"Results","0% busy at 6ÔÇ»am.",,"¯é░
099715 10554",,"¯âê
Indira Priyadarshani Park, Arthla, Mohan Nagar, Ghaziabad, India, Uttar Pradesh 201007","https://www.google.com/maps/place/Woods+Cafe+Restaurant/@28.6749889,77.2545245,12z/data=!4m11!1m3!2m2!1srestaurants+near+me!6e5!3m6!1s0x390cf068777408b5:0xbe601683e7c528bd!8m2!3d28.6749889!4d77.3987201!15sChNyZXN0YXVyYW50cyBuZWFyIG1lIgOQAQFaFSITcmVzdGF1cmFudHMgbmVhciBtZZIBFGZhc3RfZm9vZF9yZXN0YXVyYW504AEA!16s%2Fg%2F11f12330ry?entry=ttu&g_ep=EgoyMDI2MDMwOC4wIKXMDSoASAFQAw%3D%3D",
"Results","0% busy at 6ÔÇ»am.",,"¯é░
098912 62643",,"¯âê
15- Naveen park rajender nagar Shahibabad Ghaziabad, Sahibabad, Ghaziabad, Uttar Pradesh 201005","https://www.google.com/maps/place/Paradise+Restaurant+%26+Banquet/@28.6749889,77.2545245,12z/data=!4m11!1m3!2m2!1srestaurants+near+me!6e5!3m6!1s0x390cfa898c00001d:0x9910ca3f24a45394!8m2!3d28.6817936!4d77.3605839!15sChNyZXN0YXVyYW50cyBuZWFyIG1lIgOQAQFaFSITcmVzdGF1cmFudHMgbmVhciBtZZIBEWluZGlhbl9yZXN0YXVyYW504AEA!16s%2Fg%2F11d_8cfw3c?entry=ttu&g_ep=EgoyMDI2MDMwOC4wIKXMDSoASAFQAw%3D%3D",
"Results","0% busy at 6ÔÇ»am.",,"¯é░
083839 07769","http://indianspicerestaurant.onlineloni.in/","¯âê
Rashid Ali Gate, Loni, Ghaziabad, Uttar Pradesh 201102","https://www.google.com/maps/place/Indian+Spice+Restaurant/@28.7519566,77.1417162,12z/data=!4m11!1m3!2m2!1srestaurants+near+me!6e5!3m6!1s0x390cff630c930ad9:0xed236f5b434c8d0c!8m2!3d28.7519566!4d77.2859118!15sChNyZXN0YXVyYW50cyBuZWFyIG1lIgOQAQFaFSITcmVzdGF1cmFudHMgbmVhciBtZZIBEWluZGlhbl9yZXN0YXVyYW504AEA!16s%2Fg%2F11p739k5hm?entry=ttu&g_ep=EgoyMDI2MDMwOC4wIKXMDSoASAFQAw%3D%3D",
"Results","0% busy at 6ÔÇ»am.",,"¯é░
098112 12288",,"¯âê
10 A, Pocket E, GTB Enclave, Nand Nagri, Dilshad Garden, Delhi, 110093","https://www.google.com/maps/place/Neelagiri+Kerala+Restaurant/@28.7519566,77.1417162,12z/data=!4m11!1m3!2m2!1srestaurants+near+me!6e5!3m6!1s0x390cfbc40b228e81:0xbc9863e6a3a5e3b9!8m2!3d28.6868154!4d77.3098081!15sChNyZXN0YXVyYW50cyBuZWFyIG1lIgOQAQFaFSITcmVzdGF1cmFudHMgbmVhciBtZZIBEWtlcmFsYV9yZXN0YXVyYW504AEA!16s%2Fg%2F11gw2rys9r?entry=ttu&g_ep=EgoyMDI2MDMwOC4wIKXMDSoASAFQAw%3D%3D",
"Results","5.0 stars",,,"http://biryanimarkaj.com/","¯âê
Shop no, 11, jama masjid wali gali, Block F, New Seemapuri, Dilshad Colony, Delhi, 110095","https://www.google.com/maps/place/BIRYANI+MARKAJ+NEW+SEEMAPURI/@28.7519566,77.1417162,12z/data=!4m11!1m3!2m2!1srestaurants+near+me!6e5!3m6!1s0x390cfb00192c6ab7:0x3dd334c88022a2ed!8m2!3d28.686703!4d77.3278016!15sChNyZXN0YXVyYW50cyBuZWFyIG1lIgOQAQFaFSITcmVzdGF1cmFudHMgbmVhciBtZZIBEWluZGlhbl9yZXN0YXVyYW504AEA!16s%2Fg%2F11xdtr766w?entry=ttu&g_ep=EgoyMDI2MDMwOC4wIKXMDSoASAFQAw%3D%3D",
"Results","0% busy at 6ÔÇ»am.",,"¯é░
099993 37758",,"¯âê
Shop no.1, CSC DDA market, Pocket I Rd, near red cross hospital, I Pocket, Dilshad Garden, Delhi, 110095","https://www.google.com/maps/place/Govind+Dhaba/@28.7519566,77.1417162,12z/data=!4m11!1m3!2m2!1srestaurants+near+me!6e5!3m6!1s0x390cfba7b0728ad1:0x16a7d89cf8108c28!8m2!3d28.6787792!4d77.3222705!15sChNyZXN0YXVyYW50cyBuZWFyIG1lIgOQAQFaFSITcmVzdGF1cmFudHMgbmVhciBtZZIBEWluZGlhbl9yZXN0YXVyYW504AEA!16s%2Fg%2F12hkt3gp3?entry=ttu&g_ep=EgoyMDI2MDMwOC4wIKXMDSoASAFQAw%3D%3D",
"Results","0% busy at 6ÔÇ»am.",,"¯é░
084470 00854",,"¯âê
C-207, Jhilmil Colony Delhi 95 Jhilmil Colony C Block Road, Ananda dairy Road, Jhilmil Colony, Delhi, 110095","https://www.google.com/maps/place/Urban+Punjab/@28.7519566,77.1417162,12z/data=!4m11!1m3!2m2!1srestaurants+near+me!6e5!3m6!1s0x390cfb73a8083c2b:0x15e45d2c575a1c9f!8m2!3d28.6681381!4d77.3121528!15sChNyZXN0YXVyYW50cyBuZWFyIG1lIgOQAQFaFSITcmVzdGF1cmFudHMgbmVhciBtZZIBEnB1bmphYmlfcmVzdGF1cmFudOABAA!16s%2Fg%2F12648m2m6?entry=ttu&g_ep=EgoyMDI2MDMwOC4wIKXMDSoASAFQAw%3D%3D",
"Results","0% busy at 6ÔÇ»am.",,,,"¯âê
Shop No. 1 Flat No. 376 DDA, Janta Flats, GTB Enclave, Dilshad Garden, Delhi, 110093","https://www.google.com/maps/place/The+Indian+Cuisine+(Pure+Vegetarian+Family+Restaurant)/@28.7519566,77.1417162,12z/data=!4m11!1m3!2m2!1srestaurants+near+me!6e5!3m6!1s0x390cfb1b5c0d1c9f:0x3a50a83a4a32b6dd!8m2!3d28.6889527!4d77.3102003!15sChNyZXN0YXVyYW50cyBuZWFyIG1lIgOQAQFaFSITcmVzdGF1cmFudHMgbmVhciBtZZIBFXZlZ2V0YXJpYW5fcmVzdGF1cmFudOABAA!16s%2Fg%2F11gyx2jzz8?entry=ttu&g_ep=EgoyMDI2MDMwOC4wIKXMDSoASAFQAw%3D%3D",
"Results","0% busy at 6ÔÇ»am.",,"¯é░
097645 21380",,"¯âê
21, Krishna Market, Block E, Jhilmil Colony, New Delhi, Delhi, 110095","https://www.google.com/maps/place/Tummy+Treat+Restaurant+%26+Cafe/@28.7519566,77.1417162,12z/data=!4m11!1m3!2m2!1srestaurants+near+me!6e5!3m6!1s0x390cfb6f32b5347f:0x1266933168ff8b7e!8m2!3d28.6691651!4d77.3066909!15sChNyZXN0YXVyYW50cyBuZWFyIG1lIgOQAQFaFSITcmVzdGF1cmFudHMgbmVhciBtZZIBCnJlc3RhdXJhbnTgAQA!16s%2Fg%2F11lkgwjgvz?entry=ttu&g_ep=EgoyMDI2MDMwOC4wIKXMDSoASAFQAw%3D%3D",
"Results","5.0 stars",,"¯é░
097175 82359",,"¯âê
H no. F 24 , Shop no.3 Near Jama Masjid, New Seemapuri, Delhi, 110095","https://www.google.com/maps/place/Hafiz+Bhai+Kabab+Wale/@28.7519566,77.1417162,12z/data=!4m11!1m3!2m2!1srestaurants+near+me!6e5!3m6!1s0x390cfb16c46008cf:0xc71418219ff7d1c3!8m2!3d28.6876823!4d77.32888!15sChNyZXN0YXVyYW50cyBuZWFyIG1lIgOQAQFaFSITcmVzdGF1cmFudHMgbmVhciBtZZIBGW5vbl92ZWdldGFyaWFuX3Jlc3RhdXJhbnTgAQA!16s%2Fg%2F11fj3s2p1t?entry=ttu&g_ep=EgoyMDI2MDMwOC4wIKXMDSoASAFQAw%3D%3D",
"Results","0% busy at 6ÔÇ»am.",,,"http://www.zippyfeed.com/","¯âê
345, Block I, Sunder Nagri, Dilshad Garden, Delhi, 110093","https://www.google.com/maps/place/zippyfeed+east+delhi/@28.7519566,77.1417162,12z/data=!4m11!1m3!2m2!1srestaurants+near+me!6e5!3m6!1s0x390cfb2a2548a84b:0x6847cb95f4a5e9d8!8m2!3d28.6964203!4d77.3206289!15sChNyZXN0YXVyYW50cyBuZWFyIG1lIgOQAQFaFSITcmVzdGF1cmFudHMgbmVhciBtZZIBCnJlc3RhdXJhbnTgAQA!16s%2Fg%2F11mh7vtkfm?entry=ttu&g_ep=EgoyMDI2MDMwOC4wIKXMDSoASAFQAw%3D%3D","franchise@zippyfeed.com"
"Results","0% busy at 6ÔÇ»am.",,"¯é░
093117 57777","https://www.dillidarbar.co.in/locate-us.html","¯âê
C448, Main 100 Feet Rd, opp. Bajaj Showroom, Durgapuri, Chhajjupur, Shahdara, Delhi, 110032","https://www.google.com/maps/place/Dilli+Darbar+Food+Pvt+Ltd/@28.7519566,77.1417162,12z/data=!4m11!1m3!2m2!1srestaurants+near+me!6e5!3m6!1s0x390cfb8827ce59b1:0x9e4ad6a6ad3382d0!8m2!3d28.689327!4d77.2867555!15sChNyZXN0YXVyYW50cyBuZWFyIG1lIgOQAQFaFSITcmVzdGF1cmFudHMgbmVhciBtZZIBF25vcnRoX2luZGlhbl9yZXN0YXVyYW504AEA!16s%2Fg%2F11bxg08nvl?entry=ttu&g_ep=EgoyMDI2MDMwOC4wIKXMDSoASAFQAw%3D%3D",
"Results","4.5 stars",,"¯é░
099114 75517",,"¯âê
Shop no. 17, 18, Block F, New Seemapuri, Dilshad Colony, Delhi, 110095","https://www.google.com/maps/place/Royal+Biryani+Corner/@28.7519566,77.1417162,12z/data=!4m11!1m3!2m2!1srestaurants+near+me!6e5!3m6!1s0x390cfbac15144995:0xd17132045fdf3563!8m2!3d28.6867905!4d77.3279556!15sChNyZXN0YXVyYW50cyBuZWFyIG1lIgOQAQFaFSITcmVzdGF1cmFudHMgbmVhciBtZZIBEmJpcnlhbmlfcmVzdGF1cmFudOABAA!16s%2Fg%2F11cltbtcc_?entry=ttu&g_ep=EgoyMDI2MDMwOC4wIKXMDSoASAFQAw%3D%3D",
"Results","0% busy at 6ÔÇ»am.",,,,"¯âê
951, Grand Trunk Rd, Sri Ram Nagar, Prakash Industrial Estate, Sahibabad Industrial Area Site 4, Sahibabad, Ghaziabad, Uttar Pradesh 201006","https://www.google.com/maps/place/Desi+Chulha+restaurent/@28.6772054,77.2010533,12z/data=!4m11!1m3!2m2!1srestaurants+near+me!6e5!3m6!1s0x390cfbb0395bc4bb:0x6323af97a9516ce0!8m2!3d28.6772054!4d77.3452489!15sChNyZXN0YXVyYW50cyBuZWFyIG1lIgOQAQFaFSITcmVzdGF1cmFudHMgbmVhciBtZZIBCnJlc3RhdXJhbnTgAQA!16s%2Fg%2F11h2fn0p61?entry=ttu&g_ep=EgoyMDI2MDMwOC4wIKXMDSoASAFQAw%3D%3D",
"Results","0% busy at 6ÔÇ»am.",,"¯é░
078630 38585",,"¯âê
B-203, Block B, Jhilmil Colony, Delhi, 110095","https://www.google.com/maps/place/Amritsari+Tadka/@28.6772054,77.2010533,12z/data=!4m11!1m3!2m2!1srestaurants+near+me!6e5!3m6!1s0x390cfba1fa71d779:0xf08ea8c35a369a94!8m2!3d28.6700792!4d77.3127815!15sChNyZXN0YXVyYW50cyBuZWFyIG1lIgOQAQFaFSITcmVzdGF1cmFudHMgbmVhciBtZZIBDW1lYWxfdGFrZWF3YXngAQA!16s%2Fg%2F11m_dzzxd8?entry=ttu&g_ep=EgoyMDI2MDMwOC4wIKXMDSoASAFQAw%3D%3D",
"Results","0% busy at 6ÔÇ»am.",,"¯é░
070117 91789","https://magicpin.in/New-Delhi/Shalimar-Garden/Restaurant/South-Indian-Corner/store/43b971/?utm_source=gbp","¯âê
C.109 DLF colony Dilshad Extn lI Sahibabad, DLF Dilshad, Bhopura, Ghaziabad, Uttar Pradesh 201006","https://www.google.com/maps/place/South+Indian+Corner/@28.6772054,77.2010533,12z/data=!4m11!1m3!2m2!1srestaurants+near+me!6e5!3m6!1s0x390cfbed0b6db3b3:0xe480b3797bd2cad8!8m2!3d28.6936051!4d77.3320503!15sChNyZXN0YXVyYW50cyBuZWFyIG1lIgOQAQFaFSITcmVzdGF1cmFudHMgbmVhciBtZZIBEWZhbWlseV9yZXN0YXVyYW504AEA!16s%2Fg%2F11ny0_y6f7?entry=ttu&g_ep=EgoyMDI2MDMwOC4wIKXMDSoASAFQAw%3D%3D",
"Results","3% busy at 4ÔÇ»am.",,,,"¯âê
Main Rd Nand Nagari, West Jyoti Nagar, Block D 3, Nand Nagri, Mandoli, Delhi, 110093","https://www.google.com/maps/place/Zaika+Restaurant/@28.6772054,77.2010533,12z/data=!4m11!1m3!2m2!1srestaurants+near+me!6e5!3m6!1s0x390cfb53486e62e7:0x352ba5c3008269dd!8m2!3d28.6948848!4d77.3039789!15sChNyZXN0YXVyYW50cyBuZWFyIG1lIgOQAQFaFSITcmVzdGF1cmFudHMgbmVhciBtZZIBCnJlc3RhdXJhbnTgAQA!16s%2Fg%2F11mh_rxy66?entry=ttu&g_ep=EgoyMDI2MDMwOC4wIKXMDSoASAFQAw%3D%3D",
"Results","4.0 stars",,"¯é░
085100 00491","https://magicpin.in/New-Delhi/Dilshad-Garden/Restaurant/MotherS-Kitchenn/store/15399b9/?utm_source=gbp","¯âê
GTB Enclave, Dilshad Garden, New Delhi, Delhi, 110093","https://www.google.com/maps/place/Mathur's+Kitchen/@28.6772054,77.2010533,12z/data=!4m11!1m3!2m2!1srestaurants+near+me!6e5!3m6!1s0x390cfba3e2332d7b:0xb43a44d97e473030!8m2!3d28.6843584!4d77.3141934!15sChNyZXN0YXVyYW50cyBuZWFyIG1lIgOQAQFaFSITcmVzdGF1cmFudHMgbmVhciBtZZIBEm11Z2hsYWlfcmVzdGF1cmFudOABAA!16s%2Fg%2F1hjhfm3wh?entry=ttu&g_ep=EgoyMDI2MDMwOC4wIKXMDSoASAFQAw%3D%3D",
"Results","0% busy at 6ÔÇ»am.",,,,"¯âê
City Forest Rd, Ghaziabad, Uttar Pradesh 201007","https://www.google.com/maps/place/Grass+n+Tree/@28.6772054,77.2010533,12z/data=!4m11!1m3!2m2!1srestaurants+near+me!6e5!3m6!1s0x390cf1a46132c0b1:0xa90ca13bcada7cf1!8m2!3d28.6972138!4d77.398806!15sChNyZXN0YXVyYW50cyBuZWFyIG1lIgOQAQFaFSITcmVzdGF1cmFudHMgbmVhciBtZZIBEWZhbWlseV9yZXN0YXVyYW504AEA!16s%2Fg%2F11qs8l365l?entry=ttu&g_ep=EgoyMDI2MDMwOC4wIKXMDSoASAFQAw%3D%3D",
"Results","0% busy at 6ÔÇ»am.",,"¯é░
087502 10984",,"¯âê
shop no. 32, Nipun Wonder Mall, near St. Teresa School, Shakti Khand 2, Indirapuram, Ghaziabad, Uttar Pradesh 201014","https://www.google.com/maps/place/The+Hearth/@28.6772054,77.2010533,12z/data=!4m11!1m3!2m2!1srestaurants+near+me!6e5!3m6!1s0x390cfb8d3094efeb:0x3fbde2aac6fb689e!8m2!3d28.6472325!4d77.3690232!15sChNyZXN0YXVyYW50cyBuZWFyIG1lIgOQAQFaFSITcmVzdGF1cmFudHMgbmVhciBtZZIBEWZhbWlseV9yZXN0YXVyYW504AEA!16s%2Fg%2F11spmww1gz?entry=ttu&g_ep=EgoyMDI2MDMwOC4wIKXMDSoASAFQAw%3D%3D",
"Results","0% busy at 6ÔÇ»am.",,"¯é░
0120 510 6070","http://delhidarbarrestaurant.in/","¯âê
Pasonda, Sahibabad, Ghaziabad, Uttar Pradesh 201006","https://www.google.com/maps/place/Delhi+Darbaar+Restaurant/@28.6772054,77.2010533,12z/data=!4m11!1m3!2m2!1srestaurants+near+me!6e5!3m6!1s0x390cfa5df53a3ec9:0xadefb0dbb4be980d!8m2!3d28.6895463!4d77.3553794!15sChNyZXN0YXVyYW50cyBuZWFyIG1lIgOQAQFaFSITcmVzdGF1cmFudHMgbmVhciBtZZIBEmNoaWNrZW5fcmVzdGF1cmFudOABAA!16s%2Fg%2F11c1lj10ms?entry=ttu&g_ep=EgoyMDI2MDMwOC4wIKXMDSoASAFQAw%3D%3D",
"Results","0% busy at 6ÔÇ»am.",,,,"¯âê
F-382, Block C, Block D, Old Seemapuri, Delhi, 110095","https://www.google.com/maps/place/gom+hotel+old+seemapuri/@28.6772054,77.2010533,12z/data=!4m11!1m3!2m2!1srestaurants+near+me!6e5!3m6!1s0x390cfbaa82d97fa1:0xf9abe4c1dfd4a789!8m2!3d28.6800282!4d77.3305418!15sChNyZXN0YXVyYW50cyBuZWFyIG1lIgOQAQFaFSITcmVzdGF1cmFudHMgbmVhciBtZZIBEmNoaW5lc2VfcmVzdGF1cmFudOABAA!16s%2Fg%2F11g6n9_mwf?entry=ttu&g_ep=EgoyMDI2MDMwOC4wIKXMDSoASAFQAw%3D%3D",
"Results","0% busy at 6ÔÇ»am.",,"¯é░
098110 00415","http://www.fb.me/mj.masalajunction","¯âê
H, 198A, near Sai Baba Chowk, Pocket H, Dilshad Garden, Delhi, 110095","https://www.google.com/maps/place/Masala+Junction/@28.6772054,77.2010533,12z/data=!4m11!1m3!2m2!1srestaurants+near+me!6e5!3m6!1s0x390cfb3f9d4664f7:0x88030c97fbf4678b!8m2!3d28.680273!4d77.3191154!15sChNyZXN0YXVyYW50cyBuZWFyIG1lIgOQAQFaFSITcmVzdGF1cmFudHMgbmVhciBtZZIBCnJlc3RhdXJhbnTgAQA!16s%2Fg%2F11h9gw13t_?entry=ttu&g_ep=EgoyMDI2MDMwOC4wIKXMDSoASAFQAw%3D%3D",
"Results","0% busy at 6ÔÇ»am.",,"¯é░
099716 52326",,"¯âê
a 93, Block A, Old Seemapuri, Delhi, 110095","https://www.google.com/maps/place/Faraz+Food+Corner/@28.6772054,77.2010533,12z/data=!4m11!1m3!2m2!1srestaurants+near+me!6e5!3m6!1s0x390cfb0e7968d9ab:0xc0c78d16d601162f!8m2!3d28.6822339!4d77.3316751!15sChNyZXN0YXVyYW50cyBuZWFyIG1lIgOQAQFaFSITcmVzdGF1cmFudHMgbmVhciBtZZIBEWZhbWlseV9yZXN0YXVyYW504AEA!16s%2Fg%2F11mb69j671?entry=ttu&g_ep=EgoyMDI2MDMwOC4wIKXMDSoASAFQAw%3D%3D",
"Results","0% busy at 6ÔÇ»am.",,"¯é░
076783 98046",,"¯âê
S-21, DLF Dilshad, Dilshad Plaza, Bhopura, Sahibabad, Ghaziabad, Uttar Pradesh 201006","https://www.google.com/maps/place/Lazeez+Chicken+Point/@28.6772054,77.2010533,12z/data=!4m11!1m3!2m2!1srestaurants+near+me!6e5!3m6!1s0x390cfbb236c36541:0x87264df1e59b339e!8m2!3d28.6939061!4d77.3283861!15sChNyZXN0YXVyYW50cyBuZWFyIG1lIgOQAQFaFSITcmVzdGF1cmFudHMgbmVhciBtZZIBF25vcnRoX2luZGlhbl9yZXN0YXVyYW504AEA!16s%2Fg%2F11b66cbw8g?entry=ttu&g_ep=EgoyMDI2MDMwOC4wIKXMDSoASAFQAw%3D%3D",
"Results","0% busy at 6ÔÇ»am.",,"¯é░
096502 27053",,"¯âê
Nddb, Bd, F-16, near Jama Masjid, Block F, Old Seemapuri, New Delhi, Delhi, 110095","https://www.google.com/maps/place/Chena+Bhai+Bade+Ki+Biryani/@28.6772054,77.2010533,12z/data=!4m11!1m3!2m2!1srestaurants+near+me!6e5!3m6!1s0x390cfbaae8555555:0xe349c29251110630!8m2!3d28.6820123!4d77.3308066!15sChNyZXN0YXVyYW50cyBuZWFyIG1lIgOQAQFaFSITcmVzdGF1cmFudHMgbmVhciBtZZIBDW1lYWxfdGFrZWF3YXngAQA!16s%2Fg%2F11sf2gszt4?entry=ttu&g_ep=EgoyMDI2MDMwOC4wIKXMDSoASAFQAw%3D%3D",
"Results","0% busy at 6ÔÇ»am.",,"¯é░
099998 75341",,"¯âê
H, 72, Badrinath Mandir Rd, Pocket H, Dilshad Garden, New Delhi, Delhi, 110095","https://www.google.com/maps/place/South+Indian+Corner/@28.6772054,77.2010533,12z/data=!4m11!1m3!2m2!1srestaurants+near+me!6e5!3m6!1s0x390cfba7d2c3ea1f:0x268178f43bf84d0b!8m2!3d28.6817555!4d77.3203991!15sChNyZXN0YXVyYW50cyBuZWFyIG1lIgOQAQFaFSITcmVzdGF1cmFudHMgbmVhciBtZZIBF3NvdXRoX2luZGlhbl9yZXN0YXVyYW504AEA!16s%2Fg%2F12hkfj1zk?entry=ttu&g_ep=EgoyMDI2MDMwOC4wIKXMDSoASAFQAw%3D%3D",
"Results","0% busy at 6ÔÇ»am.",,"¯é░
092053 19626",,"¯âê
C-672, near MCD Primary School, Block D, New Seemapuri, Seemapuri, New Delhi, Delhi, 110095","https://www.google.com/maps/place/The+Grilled+Food/@28.6772054,77.2010533,12z/data=!4m11!1m3!2m2!1srestaurants+near+me!6e5!3m6!1s0x390cfb00208a1755:0x52c08711007fc73c!8m2!3d28.6879708!4d77.3284562!15sChNyZXN0YXVyYW50cyBuZWFyIG1lIgOQAQFaFSITcmVzdGF1cmFudHMgbmVhciBtZZIBEHBpenphX3Jlc3RhdXJhbnTgAQA!16s%2Fg%2F11wqx3xfzs?entry=ttu&g_ep=EgoyMDI2MDMwOC4wIKXMDSoASAFQAw%3D%3D",
"Results","0% busy at 6ÔÇ»am.",,"¯é░
092053 19626",,"¯âê
C-672, near MCD Primary School, Block D, New Seemapuri, Seemapuri, New Delhi, Delhi, 110095","https://www.google.com/maps/place/The+Grilled+Food/@28.6772054,77.2010533,12z/data=!4m11!1m3!2m2!1srestaurants+near+me!6e5!3m6!1s0x390cfb00208a1755:0x52c08711007fc73c!8m2!3d28.6879708!4d77.3284562!15sChNyZXN0YXVyYW50cyBuZWFyIG1lIgOQAQFaFSITcmVzdGF1cmFudHMgbmVhciBtZZIBEHBpenphX3Jlc3RhdXJhbnTgAQA!16s%2Fg%2F11wqx3xfzs?entry=ttu&g_ep=EgoyMDI2MDMwOC4wIKXMDSoASAFQAw%3D%3D",
"Results","4.9 stars",,"¯é░
093504 03167",,"¯âê
Unnamed Road, Block B, Shaheed Nagar, Sahibabad, Ghaziabad, Uttar Pradesh 201006","https://www.google.com/maps/place/BABU+FRY/@28.6772054,77.2010533,12z/data=!4m11!1m3!2m2!1srestaurants+near+me!6e5!3m6!1s0x390cfa5572ad7f43:0x240743c9108ab7d2!8m2!3d28.6818938!4d77.3345653!15sChNyZXN0YXVyYW50cyBuZWFyIG1lIgOQAQFaFSITcmVzdGF1cmFudHMgbmVhciBtZZIBEWZvb2RfbWFudWZhY3R1cmVy4AEA!16s%2Fg%2F11f4x93b99?entry=ttu&g_ep=EgoyMDI2MDMwOC4wIKXMDSoASAFQAw%3D%3D",
"Results","0% busy at 6ÔÇ»am.",,"¯é░
087502 10984",,"¯âê
shop no. 32, Nipun Wonder Mall, near St. Teresa School, Shakti Khand 2, Indirapuram, Ghaziabad, Uttar Pradesh 201014","https://www.google.com/maps/place/The+Hearth/@28.6772054,77.2010533,12z/data=!4m11!1m3!2m2!1srestaurants+near+me!6e5!3m6!1s0x390cfb8d3094efeb:0x3fbde2aac6fb689e!8m2!3d28.6472325!4d77.3690232!15sChNyZXN0YXVyYW50cyBuZWFyIG1lIgOQAQFaFSITcmVzdGF1cmFudHMgbmVhciBtZZIBEWZhbWlseV9yZXN0YXVyYW504AEA!16s%2Fg%2F11spmww1gz?entry=ttu&g_ep=EgoyMDI2MDMwOC4wIKXMDSoASAFQAw%3D%3D",
"Results","0% busy at 6ÔÇ»am.",,"¯é░
070257 94428",,"¯âê
Shop No, 119/H, Tahirpur Rd, near st Sebastian church, Anand Gram, Taharpur, Leprosy Home Complex, Dilshad Garden, Delhi, 110095","https://www.google.com/maps/place/Our+Kitchen+family+Restaurant/@28.6772054,77.2010533,12z/data=!4m11!1m3!2m2!1srestaurants+near+me!6e5!3m6!1s0x390cfb74ee3022b7:0x810029d90c9da40e!8m2!3d28.6892653!4d77.3204386!15sChNyZXN0YXVyYW50cyBuZWFyIG1lIgOQAQFaFSITcmVzdGF1cmFudHMgbmVhciBtZZIBCnJlc3RhdXJhbnTgAQA!16s%2Fg%2F11sk84vfyj?entry=ttu&g_ep=EgoyMDI2MDMwOC4wIKXMDSoASAFQAw%3D%3D",
"Results","0% busy at 6ÔÇ»am.",,"¯é░
097189 23077",,"¯âê
M8C3+735, Vivek Vihar Railway Under Bridge, Vivek Vihar Phase 2, Vivek Vihar II, Jhilmil Colony Industrial Area, Shahdara, Delhi, 110095","https://www.google.com/maps/place/YAARA+DA+CHASKA/@28.6772054,77.2010533,12z/data=!4m11!1m3!2m2!1srestaurants+near+me!6e5!3m6!1s0x390cfd9973d37af1:0xb54be267abdf9696!8m2!3d28.6706432!4d77.3027289!15sChNyZXN0YXVyYW50cyBuZWFyIG1lIgOQAQFaFSITcmVzdGF1cmFudHMgbmVhciBtZZIBEWluZGlhbl9yZXN0YXVyYW504AEA!16s%2Fg%2F11h3c2yqfk?entry=ttu&g_ep=EgoyMDI2MDMwOC4wIKXMDSoASAFQAw%3D%3D",
"Results","0% busy at 6ÔÇ»am.",,"¯é░
093100 01245","https://www.eisandbites.in/","¯âê
119, Mahajan Complex, Shreshtha Vihar, Anand Vihar, New Delhi, Delhi, 110092","https://www.google.com/maps/place/Eis+And+Bites+Cafe/@28.6772054,77.2010533,12z/data=!4m11!1m3!2m2!1srestaurants+near+me!6e5!3m6!1s0x390cfbd8d8d7f849:0x6b2b290b31b0f383!8m2!3d28.6593476!4d77.3169345!15sChNyZXN0YXVyYW50cyBuZWFyIG1lIgOQAQFaFSITcmVzdGF1cmFudHMgbmVhciBtZZIBBGNhZmXgAQA!16s%2Fg%2F11nmqfh904?entry=ttu&g_ep=EgoyMDI2MDMwOC4wIKXMDSoASAFQAw%3D%3D",
"Results","0% busy at 6ÔÇ»am.",,,,"¯âê
C Block, Block C, Jhilmil Colony, Delhi, 110095","https://www.google.com/maps/place/ChineseTadk.Jhilmilcolony/@28.6772054,77.2010533,12z/data=!4m11!1m3!2m2!1srestaurants+near+me!6e5!3m6!1s0x390cfbe851902e8b:0x42bca294748f758e!8m2!3d28.6691539!4d77.3121087!15sChNyZXN0YXVyYW50cyBuZWFyIG1lIgOQAQFaFSITcmVzdGF1cmFudHMgbmVhciBtZZIBEmNoaW5lc2VfcmVzdGF1cmFudOABAA!16s%2Fg%2F11krflg5qr?entry=ttu&g_ep=EgoyMDI2MDMwOC4wIKXMDSoASAFQAw%3D%3D",
"Results","0% busy at 6ÔÇ»am.",,"¯é░
085878 88955",,"¯âê
D1, gda market, Block D, Brij Vihar, Surya Nagar, Ghaziabad, Uttar Pradesh 201011","https://www.google.com/maps/place/Anna+dosewala/@28.6772054,77.2010533,12z/data=!4m11!1m3!2m2!1srestaurants+near+me!6e5!3m6!1s0x390cfb964dd28f8b:0x5257229f3a1b648d!8m2!3d28.6706298!4d77.336089!15sChNyZXN0YXVyYW50cyBuZWFyIG1lIgOQAQFaFSITcmVzdGF1cmFudHMgbmVhciBtZZIBF3NvdXRoX2luZGlhbl9yZXN0YXVyYW504AEA!16s%2Fg%2F11y9hzy06w?entry=ttu&g_ep=EgoyMDI2MDMwOC4wIKXMDSoASAFQAw%3D%3D",
"Results","0% busy at 6ÔÇ»am.",,"¯é░
097583 26576",,"¯âê
Shop no.3, 224, Janta Flats, GTB Enclave, Dilshad Garden, Delhi, 110093","https://www.google.com/maps/place/New+Delhi+grill+chicken+point/@28.6772054,77.2010533,12z/data=!4m11!1m3!2m2!1srestaurants+near+me!6e5!3m6!1s0x390cfb69ef646fe1:0xc9e5fb97da3371a9!8m2!3d28.6901327!4d77.3103623!15sChNyZXN0YXVyYW50cyBuZWFyIG1lIgOQAQFaFSITcmVzdGF1cmFudHMgbmVhciBtZZIBEmNoaWNrZW5fcmVzdGF1cmFudOABAA!16s%2Fg%2F11h2hjs814?entry=ttu&g_ep=EgoyMDI2MDMwOC4wIKXMDSoASAFQAw%3D%3D",
"Results","0% busy at 6ÔÇ»am.",,,,"¯âê
Dlf Colony Dilshad Ex-2, S6/1B, Dilshad Plaza, Raj Bagh, Sahibabad, Ghaziabad, Uttar Pradesh 201006","https://www.google.com/maps/place/Chatkara+Restaurant/@28.6772054,77.2010533,12z/data=!4m11!1m3!2m2!1srestaurants+near+me!6e5!3m6!1s0x390cfb89a365a7e1:0xabe3afd8a021d02f!8m2!3d28.6938053!4d77.3292856!15sChNyZXN0YXVyYW50cyBuZWFyIG1lIgOQAQFaFSITcmVzdGF1cmFudHMgbmVhciBtZZIBEWZhbWlseV9yZXN0YXVyYW504AEA!16s%2Fg%2F11sd5bjt0d?entry=ttu&g_ep=EgoyMDI2MDMwOC4wIKXMDSoASAFQAw%3D%3D",
"Results","0% busy at 6ÔÇ»am.",,"¯é░
088822 88822","https://nazeerfoods.com/","¯âê
Sagardeep Complex, Plot 11/1, G-2-5, Saini Enclave, Karkardooma, Anand Vihar, Delhi, 110092","https://www.google.com/maps/place/Nazeer+Foods/@28.6772054,77.2010533,12z/data=!4m11!1m3!2m2!1srestaurants+near+me!6e5!3m6!1s0x390cfb43bf2693f5:0xd01df13017470938!8m2!3d28.6515305!4d77.3053664!15sChNyZXN0YXVyYW50cyBuZWFyIG1lIgOQAQFaFSITcmVzdGF1cmFudHMgbmVhciBtZZIBEm11Z2hsYWlfcmVzdGF1cmFudOABAA!16s%2Fg%2F11ptyj6mql?entry=ttu&g_ep=EgoyMDI2MDMwOC4wIKXMDSoASAFQAw%3D%3D","crm@nazeerfoods.com"
"Results","0% busy at 6ÔÇ»am.",,,,"¯âê
Gali No.3, West Rohtash Nagar, Shahdara, New Delhi, Delhi, 110032","https://www.google.com/maps/place/Goldy+Da+Dhaba/@28.6772847,77.1428874,12z/data=!4m11!1m3!2m2!1srestaurants+near+me!6e5!3m6!1s0x390cfb800d3ce091:0xc14f47a124a6dca4!8m2!3d28.6772847!4d77.287083!15sChNyZXN0YXVyYW50cyBuZWFyIG1lIgOQAQFaFSITcmVzdGF1cmFudHMgbmVhciBtZZIBEnB1bmphYmlfcmVzdGF1cmFudOABAA!16s%2Fg%2F11bzxyz992?entry=ttu&g_ep=EgoyMDI2MDMwOC4wIKXMDSoASAFQAw%3D%3D",
"Results","0% busy at 6ÔÇ»am.",,,,"¯âê
Shop number 2, Block B, Yojna Vihar, Anand Vihar, Delhi, 110092","https://www.google.com/maps/place/FOOD+VILLAGE/@28.6772847,77.1428874,12z/data=!4m11!1m3!2m2!1srestaurants+near+me!6e5!3m6!1s0x390cfb037ca597dd:0x30246b0c58ba6a81!8m2!3d28.663187!4d77.315962!15sChNyZXN0YXVyYW50cyBuZWFyIG1lIgOQAQFaFSITcmVzdGF1cmFudHMgbmVhciBtZZIBEWluZGlhbl9yZXN0YXVyYW504AEA!16s%2Fg%2F11n5hst9qd?entry=ttu&g_ep=EgoyMDI2MDMwOC4wIKXMDSoASAFQAw%3D%3D",
"Results","0% busy at 2ÔÇ»am.",,"¯é░
095550 40906","https://www.swiggy.com/menu/585478?source=sharing","¯âê
The food island Restaurant, Town, Pasonda, Sahibabad, Ghaziabad, Uttar Pradesh 201006","https://www.google.com/maps/place/The+food+island/@28.689434,77.2123617,12z/data=!4m11!1m3!2m2!1srestaurants+near+me!6e5!3m6!1s0x390cfb44d0a7f6d5:0xe3f9c4c3e1d78f7a!8m2!3d28.689434!4d77.3565573!15sChNyZXN0YXVyYW50cyBuZWFyIG1lIgOQAQFaFSITcmVzdGF1cmFudHMgbmVhciBtZZIBF25vcnRoX2luZGlhbl9yZXN0YXVyYW504AEA!16s%2Fg%2F11p_16tc5k?entry=ttu&g_ep=EgoyMDI2MDMwOC4wIKXMDSoASAFQAw%3D%3D",
"Results","0% busy at 6ÔÇ»am.",,"¯é░
088600 05003","http://chulhaonfire.blogspot.com/","¯âê
PLOT NO.- 44A, GF PUSHPA APARTMENT, SEC-5, Rajendra Nagar, Sahibabad, Ghaziabad, Uttar Pradesh 201005","https://www.google.com/maps/place/CHULHA+ON+FIRE/@28.689434,77.2123617,12z/data=!4m11!1m3!2m2!1srestaurants+near+me!6e5!3m6!1s0x390cfb58353f213d:0x3f12d6e0eef2be84!8m2!3d28.6780879!4d77.3547942!15sChNyZXN0YXVyYW50cyBuZWFyIG1lIgOQAQFaFSITcmVzdGF1cmFudHMgbmVhciBtZZIBEHBpenphX3Jlc3RhdXJhbnTgAQA!16s%2Fg%2F11s7tc4jhh?entry=ttu&g_ep=EgoyMDI2MDMwOC4wIKXMDSoASAFQAw%3D%3D","chulhaonfire@gmail.com"
"Results","0% busy at 6ÔÇ»am.",,,,"¯âê
A 71/4, main, Loni Rd, Oldanpur, Block B, Jyoti Colony, Shahdara, New Delhi, Delhi, 110032","https://www.google.com/maps/place/7th+sky+food/@28.6872194,77.1477228,12z/data=!4m11!1m3!2m2!1srestaurants+near+me!6e5!3m6!1s0x390cfb0e29815635:0xd5f6bf3b651b5ee5!8m2!3d28.6872194!4d77.2919184!15sChNyZXN0YXVyYW50cyBuZWFyIG1lIgOQAQFaFSITcmVzdGF1cmFudHMgbmVhciBtZZIBEm11Z2hsYWlfcmVzdGF1cmFudOABAA!16s%2Fg%2F11kqczt9_j?entry=ttu&g_ep=EgoyMDI2MDMwOC4wIKXMDSoASAFQAw%3D%3D",
"Results","0% busy at 6ÔÇ»am.",,"¯é░
070650 00183",,"¯âê
Shop no 8, BR Complex, Main, Loni Bhopura Rd, near Dmart, Ghaziabad, Uttar Pradesh 201001","https://www.google.com/maps/place/I+Love+Chillies/@28.6872194,77.1477228,12z/data=!4m11!1m3!2m2!1srestaurants+near+me!6e5!3m6!1s0x390cfb0075826113:0x9b6d674f28314cfb!8m2!3d28.7175123!4d77.3312576!15sChNyZXN0YXVyYW50cyBuZWFyIG1lIgOQAQFaFSITcmVzdGF1cmFudHMgbmVhciBtZZIBFmZpbmVfZGluaW5nX3Jlc3RhdXJhbnTgAQA!16s%2Fg%2F11lckyrhzg?entry=ttu&g_ep=EgoyMDI2MDMwOC4wIKXMDSoASAFQAw%3D%3D",
"Results","0% busy at 6ÔÇ»am.",,"¯é░
098104 81689",,"¯âê
West Jyoti Nagar, Pocket C, Chitrakoot, Shahdara, Delhi, 110093","https://www.google.com/maps/place/Swadisht+Restaurant/@28.6872194,77.1477228,12z/data=!3m1!5s0x390cfb8cfedc5fd3:0x67b7d0382c56fc29!4m11!1m3!2m2!1srestaurants+near+me!6e5!3m6!1s0x390cfb8cfecfa29f:0xe3224fe09c2c904f!8m2!3d28.6968671!4d77.2948134!15sChNyZXN0YXVyYW50cyBuZWFyIG1lIgOQAQFaFSITcmVzdGF1cmFudHMgbmVhciBtZZIBFXZlZ2V0YXJpYW5fcmVzdGF1cmFudOABAA!16s%2Fg%2F11gfd1_1ym?entry=ttu&g_ep=EgoyMDI2MDMwOC4wIKXMDSoASAFQAw%3D%3D",
"Results","0% busy at 6ÔÇ»am.",,"¯é░
097736 32555","https://www.rainbow-leaf.in/","¯âê
C-14, 1st Floor, Sector 15, Vasundhara, Ghaziabad, Uttar Pradesh 201012","https://www.google.com/maps/place/Rainbow+Leaf+Restaurant+in+Vasundhara+Ghaziabad/@28.6549875,77.2149577,12z/data=!4m11!1m3!2m2!1srestaurants+near+me!6e5!3m6!1s0x390cfb90d6fd88e5:0x413677bd2e37b88f!8m2!3d28.6549875!4d77.3591533!15sChNyZXN0YXVyYW50cyBuZWFyIG1lIgOQAQFaFSITcmVzdGF1cmFudHMgbmVhciBtZZIBCnJlc3RhdXJhbnTgAQA!16s%2Fg%2F11lcyjt4b8?entry=ttu&g_ep=EgoyMDI2MDMwOC4wIKXMDSoASAFQAw%3D%3D",
"Results","0% busy at 6ÔÇ»am.",,"¯é░
098109 94799",,"¯âê
S-23, Block A, Mohan Nagar, Sahibabad, Ghaziabad, Uttar Pradesh 201007","https://www.google.com/maps/place/silver+spoon+food+point/@28.6549875,77.2149577,12z/data=!4m11!1m3!2m2!1srestaurants+near+me!6e5!3m6!1s0x390cfb587b76373d:0xd36a7b7141547563!8m2!3d28.6866407!4d77.3757289!15sChNyZXN0YXVyYW50cyBuZWFyIG1lIgOQAQFaFSITcmVzdGF1cmFudHMgbmVhciBtZZIBCnJlc3RhdXJhbnTgAQA!16s%2Fg%2F11hk9xd5g0?entry=ttu&g_ep=EgoyMDI2MDMwOC4wIKXMDSoASAFQAw%3D%3D",
"Results","5.0 stars",,,,"¯âê
S1 and S2, Avasiya colony, near Delhi toll Gate, DLF Dilshad Extention II, Bhopura, Sahibabad, Ghaziabad, Uttar Pradesh 201006","https://www.google.com/maps/place/DARBAR+FOOD/@28.6549875,77.2149577,12z/data=!4m11!1m3!2m2!1srestaurants+near+me!6e5!3m6!1s0x390cfb1ef62d9abd:0xb04ace84ea309312!8m2!3d28.6917476!4d77.3296634!15sChNyZXN0YXVyYW50cyBuZWFyIG1lIgOQAQFaFSITcmVzdGF1cmFudHMgbmVhciBtZZIBEmNoaWNrZW5fcmVzdGF1cmFudOABAA!16s%2Fg%2F11vkr0gygd?entry=ttu&g_ep=EgoyMDI2MDMwOC4wIKXMDSoASAFQAw%3D%3D",
"Results","4.2 stars",,"¯é░
070651 00071",,"¯âê
Block P, Dilshad Garden, New Delhi, Delhi, 110095","https://www.google.com/maps/place/Bharat+Veg+Biryani/@28.6549875,77.2149577,12z/data=!4m11!1m3!2m2!1srestaurants+near+me!6e5!3m6!1s0x390cfbb887efd433:0xbdddeec0d1f3268b!8m2!3d28.6856529!4d77.3220409!15sChNyZXN0YXVyYW50cyBuZWFyIG1lIgOQAQFaFSITcmVzdGF1cmFudHMgbmVhciBtZZIBCmZvb2RfY291cnTgAQA!16s%2Fg%2F11ny55blqz?entry=ttu&g_ep=EgoyMDI2MDMwOC4wIKXMDSoASAFQAw%3D%3D",
"Results","4.6 stars",,"¯é░
098705 93959",,"¯âê
23, F-24, Market, near Jama Masjid, Block F, Old Seemapuri, Delhi, 110095","https://www.google.com/maps/place/Maryam+Foods/@28.6549875,77.2149577,12z/data=!4m11!1m3!2m2!1srestaurants+near+me!6e5!3m6!1s0x390cfb368e39da4f:0xdc483eeb930e1c17!8m2!3d28.682324!4d77.3315507!15sChNyZXN0YXVyYW50cyBuZWFyIG1lIgOQAQFaFSITcmVzdGF1cmFudHMgbmVhciBtZZIBFGZhc3RfZm9vZF9yZXN0YXVyYW504AEA!16s%2Fg%2F11qwxqnp_3?entry=ttu&g_ep=EgoyMDI2MDMwOC4wIKXMDSoASAFQAw%3D%3D",
"Results","0% busy at 6ÔÇ»am.",,,,"¯âê
15, Main Mandoli Rd, West Jyoti Nagar, West Nathu Colony, Hardevpuri, Shahdara, Delhi, 110093","https://www.google.com/maps/place/Luv+Restaurant/@28.6897708,77.1550901,12z/data=!4m11!1m3!2m2!1srestaurants+near+me!6e5!3m6!1s0x390cfb0005ad7691:0xf4065314607201a0!8m2!3d28.6897708!4d77.2992857!15sChNyZXN0YXVyYW50cyBuZWFyIG1lIgOQAQFaFSITcmVzdGF1cmFudHMgbmVhciBtZZIBEWZhbWlseV9yZXN0YXVyYW504AEA!16s%2Fg%2F11mcp_z8tr?entry=ttu&g_ep=EgoyMDI2MDMwOC4wIKXMDSoASAFQAw%3D%3D",
"Results","0% busy at 6ÔÇ»am.",,"¯é░
011 4240 8333",,"¯âê
Block B, Shop no : 17, DDA Market, Yojna Vihar, Anand Vihar, Delhi, 110092","https://www.google.com/maps/place/Food+Express/@28.6897708,77.1550901,12z/data=!4m11!1m3!2m2!1srestaurants+near+me!6e5!3m6!1s0x390cfb1723ffffff:0x571e7d660fc804e6!8m2!3d28.6631133!4d77.3159784!15sChNyZXN0YXVyYW50cyBuZWFyIG1lIgOQAQFaFSITcmVzdGF1cmFudHMgbmVhciBtZZIBF25vcnRoX2luZGlhbl9yZXN0YXVyYW504AEA!16s%2Fg%2F1thx2dx5?entry=ttu&g_ep=EgoyMDI2MDMwOC4wIKXMDSoASAFQAw%3D%3D",
"Results","0% busy at 6ÔÇ»am.",,,,"¯âê
O Block Rd, Block L, Sunder Nagri, Dilshad Garden, Delhi, 110093","https://www.google.com/maps/place/Shahnawaj/@28.6897708,77.1550901,12z/data=!4m11!1m3!2m2!1srestaurants+near+me!6e5!3m6!1s0x390cfbcafd4d54bd:0xa40b309ebc68bf2e!8m2!3d28.6961202!4d77.3226569!15sChNyZXN0YXVyYW50cyBuZWFyIG1lIgOQAQFaFSITcmVzdGF1cmFudHMgbmVhciBtZZIBCnJlc3RhdXJhbnTgAQA!16s%2Fg%2F11h9k_k3xp?entry=ttu&g_ep=EgoyMDI2MDMwOC4wIKXMDSoASAFQAw%3D%3D",
"Results","0% busy at 6ÔÇ»am.",,,,"¯âê
f38, Shalimar Garden, Sahibabad, Ghaziabad, Delhi 110095","https://www.google.com/maps/place/Kayyum+Bhai+Haleem+Biryani+Wale/@28.6897708,77.1550901,12z/data=!4m11!1m3!2m2!1srestaurants+near+me!6e5!3m6!1s0x390cfbf289761765:0x4ec5b8e0e5767884!8m2!3d28.6826005!4d77.3320264!15sChNyZXN0YXVyYW50cyBuZWFyIG1lIgOQAQFaFSITcmVzdGF1cmFudHMgbmVhciBtZZIBEmJpcnlhbmlfcmVzdGF1cmFudOABAA!16s%2Fg%2F11fb323zmk?entry=ttu&g_ep=EgoyMDI2MDMwOC4wIKXMDSoASAFQAw%3D%3D",
"Results","0% busy at 6ÔÇ»am.",,"¯é░
099118 69933",,"¯âê
F-1, Yogi Baba Rd, Block F, Dilshad Colony, Delhi, 110095","https://www.google.com/maps/place/Shubh+Snacks+Corner/@28.6897708,77.1550901,12z/data=!4m11!1m3!2m2!1srestaurants+near+me!6e5!3m6!1s0x390cfba95fcf47db:0x92f6e8c12985bffe!8m2!3d28.6839697!4d77.326582!15sChNyZXN0YXVyYW50cyBuZWFyIG1lIgOQAQFaFSITcmVzdGF1cmFudHMgbmVhciBtZZIBCnJlc3RhdXJhbnTgAQA!16s%2Fg%2F11ddywdpk3?entry=ttu&g_ep=EgoyMDI2MDMwOC4wIKXMDSoASAFQAw%3D%3D",
"Results","0% busy at 6ÔÇ»am.",,"¯é░
099993 74512",,"¯âê
378, Janta Flats, GTB Enclave, Dilshad Garden, Delhi, 110093","https://www.google.com/maps/place/Punjab+Di+Hatti+(Taste+of+Punjab)/@28.6897708,77.1550901,12z/data=!4m11!1m3!2m2!1srestaurants+near+me!6e5!3m6!1s0x390cfb9a9158e69b:0xe55fc3f2bb888701!8m2!3d28.6882082!4d77.3112558!15sChNyZXN0YXVyYW50cyBuZWFyIG1lIgOQAQFaFSITcmVzdGF1cmFudHMgbmVhciBtZZIBEnB1bmphYmlfcmVzdGF1cmFudOABAA!16s%2Fg%2F11mhy50yml?entry=ttu&g_ep=EgoyMDI2MDMwOC4wIKXMDSoASAFQAw%3D%3D",
"Results","4.8 stars",,"¯é░
098687 07225",,"¯âê
Shop No. 210, Main, Kasturba Rd, Vivek Vihar Phase 2, Block A, Jhilmil Colony, Delhi, 110095","https://www.google.com/maps/place/Om+Dilly+Darwar+Restaurant/@28.6897708,77.1550901,12z/data=!4m11!1m3!2m2!1srestaurants+near+me!6e5!3m6!1s0x390cfb732554f043:0x527266f10dc9e240!8m2!3d28.6697754!4d77.3077575!15sChNyZXN0YXVyYW50cyBuZWFyIG1lIgOQAQFaFSITcmVzdGF1cmFudHMgbmVhciBtZZIBCnJlc3RhdXJhbnTgAQA!16s%2Fg%2F12m9k06b_?entry=ttu&g_ep=EgoyMDI2MDMwOC4wIKXMDSoASAFQAw%3D%3D",
"Results","4.3 stars",,"¯é░
096252 15255",,"¯âê
A 93, main, near Raj hospital, Shalimar Garden Main B-block, Shalimar Garden, Sahibabad, Ghaziabad, Uttar Pradesh 201006","https://www.google.com/maps/place/Al+lazeez+foods+Restaurant/@28.6897708,77.1550901,12z/data=!4m11!1m3!2m2!1srestaurants+near+me!6e5!3m6!1s0x390cfb7dd8dd0417:0xa4aeb673ddeac8a7!8m2!3d28.6865857!4d77.3355463!15sChNyZXN0YXVyYW50cyBuZWFyIG1lIgOQAQFaFSITcmVzdGF1cmFudHMgbmVhciBtZZIBCnJlc3RhdXJhbnTgAQA!16s%2Fg%2F11lcgc2p8v?entry=ttu&g_ep=EgoyMDI2MDMwOC4wIKXMDSoASAFQAw%3D%3D",
"Results","0% busy at 6ÔÇ»am.",,,,"¯âê
117/2 , A block , near gate no.3, land mark icic bank atm, Dilshad Colony, Delhi, 110095","https://www.google.com/maps/place/Shawarma+Darbaar/@28.6897708,77.1550901,12z/data=!4m11!1m3!2m2!1srestaurants+near+me!6e5!3m6!1s0x390cfb42a2f826c3:0xbe9e89bce09cccf0!8m2!3d28.6899281!4d77.3242694!15sChNyZXN0YXVyYW50cyBuZWFyIG1lIgOQAQFaFSITcmVzdGF1cmFudHMgbmVhciBtZZIBE2xlYmFuZXNlX3Jlc3RhdXJhbnTgAQA!16s%2Fg%2F11qnttqytw?entry=ttu&g_ep=EgoyMDI2MDMwOC4wIKXMDSoASAFQAw%3D%3D",
"Results","0% busy at 6ÔÇ»am.",,"¯é░
099100 91970",,"¯âê
Plot No- 299, Kardampuri Extn, Kardam Puri, Shahdara, Delhi, 110093","https://www.google.com/maps/place/Zafraan+Foods/@28.6897708,77.1550901,12z/data=!4m11!1m3!2m2!1srestaurants+near+me!6e5!3m6!1s0x390cfda7e924d251:0xc6fcf63c2d3c22d5!8m2!3d28.6969641!4d77.2827686!15sChNyZXN0YXVyYW50cyBuZWFyIG1lIgOQAQFaFSITcmVzdGF1cmFudHMgbmVhciBtZZIBEm11Z2hsYWlfcmVzdGF1cmFudOABAA!16s%2Fg%2F11ql1m_v3g?entry=ttu&g_ep=EgoyMDI2MDMwOC4wIKXMDSoASAFQAw%3D%3D",
"Results","0% busy at 6ÔÇ»am.",,"¯é░
095824 40888",,"¯âê
F, J, 847, GTB Enclave, Dilshad Garden, New Delhi, Delhi 110093","https://www.google.com/maps/place/Chimney+Pure+Veg./@28.6897708,77.1550901,12z/data=!4m11!1m3!2m2!1srestaurants+near+me!6e5!3m6!1s0x390cfba2d4a770ff:0x39073487f397a6c1!8m2!3d28.6881388!4d77.3109232!15sChNyZXN0YXVyYW50cyBuZWFyIG1lIgOQAQFaFSITcmVzdGF1cmFudHMgbmVhciBtZZIBF25vcnRoX2luZGlhbl9yZXN0YXVyYW504AEA!16s%2Fg%2F11cm6cszt5?entry=ttu&g_ep=EgoyMDI2MDMwOC4wIKXMDSoASAFQAw%3D%3D",
"Results","4.7 stars",,"¯é░
098111 11622",,"¯âê
Sri Ayyappa Mandir Rd, Block E, Block L, Dilshad Garden, Delhi, 110095","https://www.google.com/maps/place/Veer+Ji+Punjabi+Tadka/@28.6897708,77.1550901,12z/data=!4m11!1m3!2m2!1srestaurants+near+me!6e5!3m6!1s0x390cfba61484928b:0x41c108726ac10090!8m2!3d28.6836696!4d77.3196194!15sChNyZXN0YXVyYW50cyBuZWFyIG1lIgOQAQFaFSITcmVzdGF1cmFudHMgbmVhciBtZZIBEnB1bmphYmlfcmVzdGF1cmFudOABAA!16s%2Fg%2F11f_xlsryf?entry=ttu&g_ep=EgoyMDI2MDMwOC4wIKXMDSoASAFQAw%3D%3D",
"Results","16% busy at 4ÔÇ»am.",,,,"¯âê
411, Sewa Dham Complex, Mandoli, Delhi, 110093","https://www.google.com/maps/place/Sibora+Fast+food/@28.6897708,77.1550901,12z/data=!4m11!1m3!2m2!1srestaurants+near+me!6e5!3m6!1s0x390cfbb4ad5ff3df:0x7d75f05975f5f5f4!8m2!3d28.70597!4d77.3114193!15sChNyZXN0YXVyYW50cyBuZWFyIG1lIgOQAQFaFSITcmVzdGF1cmFudHMgbmVhciBtZZIBEWluZGlhbl9yZXN0YXVyYW504AEA!16s%2Fg%2F11qnt54zwp?entry=ttu&g_ep=EgoyMDI2MDMwOC4wIKXMDSoASAFQAw%3D%3D",
"Results","0% busy at 6ÔÇ»am.",,"¯é░
099971 65888","https://royalfoodaffair.com/","¯âê
2nd Floor, World Square Mall, Shop No.1, near Game Zone, Mohan Nagar, Ghaziabad, Uttar Pradesh 201012","https://www.google.com/maps/place/Royal+Food+Affair/@28.6798832,77.2376677,12z/data=!3m1!5s0x390cf07ed00d0b95:0x10f2abed6c106ed5!4m11!1m3!2m2!1srestaurants+near+me!6e5!3m6!1s0x390cf1881caf4e05:0xaff656c50fc3c83!8m2!3d28.6798832!4d77.3818633!15sChNyZXN0YXVyYW50cyBuZWFyIG1lIgOQAQFaFSITcmVzdGF1cmFudHMgbmVhciBtZZIBCnJlc3RhdXJhbnTgAQA!16s%2Fg%2F11f9w_6hgv?entry=ttu&g_ep=EgoyMDI2MDMwOC4wIKXMDSoASAFQAw%3D%3D",
"Results","0% busy at 6ÔÇ»am.",,"¯é░
083839 07769","http://indianspicerestaurant.onlineloni.in/","¯âê
Rashid Ali Gate, Loni, Ghaziabad, Uttar Pradesh 201102","https://www.google.com/maps/place/Indian+Spice+Restaurant/@28.7519566,77.1417162,12z/data=!4m11!1m3!2m2!1srestaurants+near+me!6e5!3m6!1s0x390cff630c930ad9:0xed236f5b434c8d0c!8m2!3d28.7519566!4d77.2859118!15sChNyZXN0YXVyYW50cyBuZWFyIG1lIgOQAQFaFSITcmVzdGF1cmFudHMgbmVhciBtZZIBEWluZGlhbl9yZXN0YXVyYW504AEA!16s%2Fg%2F11p739k5hm?entry=ttu&g_ep=EgoyMDI2MDMwOC4wIKXMDSoASAFQAw%3D%3D",
"Results","0% busy at 4ÔÇ»am.",,"¯é░
097114 13092","https://www.nolimitsbyobcafeandlounge.in/","¯âê
Shop No - 2, Second Floor, Tower - A, Aero City Centre, HIG Flats, Chander Nagar, Surya Nagar, Ghaziabad, Uttar Pradesh 201011","https://www.google.com/maps/place/No+Limits+BYOB+Cafe+%26+Lounge/@28.7519566,77.1417162,12z/data=!4m11!1m3!2m2!1srestaurants+near+me!6e5!3m6!1s0x390cfb9257d2571d:0xa74b838d1c06ac0c!8m2!3d28.6673252!4d77.3314093!15sChNyZXN0YXVyYW50cyBuZWFyIG1lIgOQAQFaFSITcmVzdGF1cmFudHMgbmVhciBtZZIBDWJhcl9hbmRfZ3JpbGzgAQA!16s%2Fg%2F11wwqnct05?entry=ttu&g_ep=EgoyMDI2MDMwOC4wIKXMDSoASAFQAw%3D%3D",
"Results","0% busy at 6ÔÇ»am.",,"¯é░
079 4272 6337","https://restaurants.kfc.co.in/kfc-kfc-dilshad-garden-restaurants-dilshad-garden-new-delhi-481134/Home?utm_source=locator&utm_medium=googleplaces","¯âê
Shop No 6, Grand Trunk Rd, Jhilmil Industrial Area, Dilshad Garden, New Delhi, Delhi, 110095","https://www.google.com/maps/place/KFC/@28.7519566,77.1417162,12z/data=!4m11!1m3!2m2!1srestaurants+near+me!6e5!3m6!1s0x390cfb509bfa93cd:0x2deee013bc368a21!8m2!3d28.675955!4d77.320915!15sChNyZXN0YXVyYW50cyBuZWFyIG1lIgOQAQFaFSITcmVzdGF1cmFudHMgbmVhciBtZZIBCnJlc3RhdXJhbnTgAQA!16s%2Fg%2F11js_vwn1w?entry=ttu&g_ep=EgoyMDI2MDMwOC4wIKXMDSoASAFQAw%3D%3D",